timestamp,position_lat,position_long,distance,enhanced_altitude,altitude,enhanced_speed,speed,heart_rate,temperature,cadence,fractional_cadence
2020-02-12 08:14:43-08:00,,,,,,,,,,,
2020-02-12 08:14:43-08:00,,,,,,,,,,,
2020-02-12 08:14:43-08:00,,,,,,,,,,,
2020-02-12 08:14:43-08:00,,,,,,,,,,,
2020-02-12 08:14:43-08:00,,,,,,,,,,,
2020-02-12 08:14:43-08:00,,,0.0,,,,,105,28,,
2020-02-12 08:14:44-08:00,,,0.0,,,,,104,28,,
2020-02-12 08:14:45-08:00,,,0.0,,,,,103,28,,
2020-02-12 08:14:46-08:00,,,0.0,,,,,102,28,,
2020-02-12 08:14:47-08:00,,,0.0,,,,,104,28,,
2020-02-12 08:14:48-08:00,,,0.0,,,,,101,28,,
2020-02-12 08:14:49-08:00,,,0.0,,,,,100,28,,
2020-02-12 08:14:50-08:00,,,0.0,,,,,103,28,,
2020-02-12 08:14:51-08:00,,,0.0,,,,,100,28,,
2020-02-12 08:14:53-08:00,,,0.0,,,,,98,28,,
2020-02-12 08:14:54-08:00,,,0.0,,,,,99,28,,
2020-02-12 08:14:55-08:00,,,0.0,,,,,98,28,,
2020-02-12 08:14:56-08:00,,,0.0,,,,,99,28,,
2020-02-12 08:14:57-08:00,,,0.0,,,,,100,28,,
2020-02-12 08:14:58-08:00,,,0.0,,,,,98,28,,
2020-02-12 08:15:03-08:00,,,0.0,,,,,97,28,,
2020-02-12 08:15:04-08:00,,,0.0,,,,,98,28,,
2020-02-12 08:15:05-08:00,,,0.0,,,,,99,28,,
2020-02-12 08:15:06-08:00,,,0.0,,,,,100,28,,
2020-02-12 08:15:07-08:00,,,0.0,,,,,101,28,,
2020-02-12 08:15:08-08:00,,,0.0,,,,,103,27,,
2020-02-12 08:15:09-08:00,,,0.0,,,,,104,27,,
2020-02-12 08:15:10-08:00,,,0.0,,,,,106,27,,
2020-02-12 08:15:12-08:00,,,0.0,,,,,105,27,,
2020-02-12 08:15:13-08:00,,,0.0,,,,,104,27,,
2020-02-12 08:15:14-08:00,,,0.0,,,,,105,27,,
2020-02-12 08:15:15-08:00,,,0.0,,,,,101,27,,
2020-02-12 08:15:16-08:00,,,0.0,,,,,99,27,,
2020-02-12 08:15:17-08:00,,,0.0,,,,,97,27,,
2020-02-12 08:15:18-08:00,,,0.0,,,,,95,27,,
2020-02-12 08:15:19-08:00,,,0.0,,,,,96,27,,
2020-02-12 08:15:20-08:00,,,0.0,,,,,93,27,,
2020-02-12 08:15:22-08:00,,,0.0,,,,,92,27,,
2020-02-12 08:15:26-08:00,,,0.0,,,,,94,27,,
2020-02-12 08:15:27-08:00,,,0.0,,,,,96,27,,
2020-02-12 08:15:28-08:00,,,0.0,,,,,93,27,,
2020-02-12 08:15:30-08:00,,,0.0,,,,,92,27,,
2020-02-12 08:15:34-08:00,,,0.0,,,,,91,27,,
2020-02-12 08:15:35-08:00,,,0.0,,,,,90,27,,
2020-02-12 08:15:37-08:00,,,0.0,,,,,89,27,,
2020-02-12 08:15:38-08:00,,,0.0,,,,,91,27,,
2020-02-12 08:15:39-08:00,,,0.0,,,,,90,27,,
2020-02-12 08:15:40-08:00,,,0.0,,,,,91,27,,
2020-02-12 08:15:41-08:00,,,0.0,,,,,89,27,,
2020-02-12 08:15:42-08:00,,,0.0,,,,,90,27,,
2020-02-12 08:15:44-08:00,,,0.0,,,,,88,27,,
2020-02-12 08:15:45-08:00,,,0.0,,,,,89,27,,
2020-02-12 08:15:46-08:00,,,0.0,,,,,86,27,,
2020-02-12 08:15:47-08:00,,,0.0,,,,,88,27,,
2020-02-12 08:15:49-08:00,,,0.0,,,,,89,27,,
2020-02-12 08:15:51-08:00,,,0.0,,,,,87,27,,
2020-02-12 08:15:52-08:00,,,0.0,,,,,86,27,,
2020-02-12 08:15:53-08:00,,,0.0,,,,,85,27,,
2020-02-12 08:15:54-08:00,,,0.0,,,,,86,27,,
2020-02-12 08:15:55-08:00,,,0.0,,,,,87,27,,
2020-02-12 08:15:56-08:00,,,0.0,,,,,86,27,,
2020-02-12 08:15:57-08:00,,,0.0,,,,,87,27,,
2020-02-12 08:15:58-08:00,,,0.0,,,,,88,27,,
2020-02-12 08:15:59-08:00,,,0.0,,,,,86,27,,
2020-02-12 08:16:00-08:00,,,0.0,,,,,85,27,,
2020-02-12 08:16:01-08:00,,,0.0,,,,,84,27,,
2020-02-12 08:16:02-08:00,,,0.0,,,,,83,27,,
2020-02-12 08:16:03-08:00,,,0.0,,,,,85,27,,
2020-02-12 08:16:04-08:00,,,0.0,,,,,86,27,,
2020-02-12 08:16:05-08:00,,,0.0,,,,,85,27,,
2020-02-12 08:16:06-08:00,,,0.0,,,,,87,27,,
2020-02-12 08:16:08-08:00,,,0.0,,,,,85,27,,
2020-02-12 08:16:10-08:00,,,0.0,,,,,86,27,,
2020-02-12 08:16:11-08:00,,,0.0,,,,,87,27,,
2020-02-12 08:16:12-08:00,,,0.0,,,,,88,27,,
2020-02-12 08:16:16-08:00,,,0.0,,,,,86,27,,
2020-02-12 08:16:18-08:00,,,0.0,,,,,87,27,,
2020-02-12 08:16:19-08:00,,,0.0,,,,,88,27,,
2020-02-12 08:16:20-08:00,,,0.0,,,,,87,27,,
2020-02-12 08:16:21-08:00,,,0.0,,,,,90,27,,
2020-02-12 08:16:22-08:00,,,0.0,,,,,86,27,,
2020-02-12 08:16:24-08:00,,,0.0,,,,,88,27,,
2020-02-12 08:16:31-08:00,,,0.0,,,,,87,27,,
2020-02-12 08:16:32-08:00,,,0.0,,,,,86,27,,
2020-02-12 08:16:33-08:00,,,0.0,,,,,87,27,,
2020-02-12 08:16:38-08:00,,,0.0,,,,,88,27,,
2020-02-12 08:16:41-08:00,,,0.0,,,,,89,27,,
2020-02-12 08:16:47-08:00,,,0.0,,,,,90,27,,
2020-02-12 08:16:56-08:00,,,0.0,,,,,91,27,,
2020-02-12 08:16:58-08:00,,,0.0,,,,,92,27,,
2020-02-12 08:17:00-08:00,,,0.0,,,,,93,27,,
2020-02-12 08:17:02-08:00,,,0.0,,,,,92,27,,
2020-02-12 08:17:10-08:00,,,0.0,,,,,94,27,,
2020-02-12 08:17:12-08:00,,,0.0,,,,,96,27,,
2020-02-12 08:17:13-08:00,,,0.0,,,,,95,27,,
2020-02-12 08:17:14-08:00,,,0.0,,,,,96,27,,
2020-02-12 08:17:15-08:00,,,0.0,,,,,95,27,,
2020-02-12 08:17:16-08:00,,,0.0,,,,,97,27,,
2020-02-12 08:17:18-08:00,,,0.0,,,,,98,27,,
2020-02-12 08:17:19-08:00,,,0.0,,,,,100,27,,
2020-02-12 08:17:20-08:00,,,0.0,,,,,101,27,,
2020-02-12 08:17:21-08:00,,,0.0,,,,,103,27,,
2020-02-12 08:17:22-08:00,,,0.0,,,,,105,27,,
2020-02-12 08:17:24-08:00,,,0.0,,,,,106,27,,
2020-02-12 08:17:25-08:00,,,0.0,,,,,107,27,,
2020-02-12 08:17:26-08:00,,,0.0,,,,,109,27,,
2020-02-12 08:17:28-08:00,,,0.0,,,,,110,27,,
2020-02-12 08:17:29-08:00,,,0.0,,,,,111,27,,
2020-02-12 08:17:30-08:00,,,0.0,,,,,112,27,,
2020-02-12 08:17:31-08:00,,,0.0,,,,,113,27,,
2020-02-12 08:17:32-08:00,,,0.0,,,,,112,27,,
2020-02-12 08:17:33-08:00,,,0.0,,,,,111,27,,
2020-02-12 08:17:34-08:00,,,0.0,,,,,112,27,,
2020-02-12 08:17:35-08:00,,,0.0,,,,,113,27,,
2020-02-12 08:17:36-08:00,,,0.0,,,,,112,27,,
2020-02-12 08:17:38-08:00,,,0.0,,,,,111,27,,
2020-02-12 08:17:39-08:00,,,0.0,,,,,110,27,,
2020-02-12 08:17:40-08:00,,,0.0,,,,,111,27,,
2020-02-12 08:17:41-08:00,,,0.0,,,,,110,27,,
2020-02-12 08:17:42-08:00,,,0.0,,,,,109,27,,
2020-02-12 08:17:43-08:00,,,0.0,,,,,108,27,,
2020-02-12 08:17:44-08:00,,,0.0,,,,,104,27,,
2020-02-12 08:17:45-08:00,,,0.0,,,,,102,27,,
2020-02-12 08:17:46-08:00,,,0.0,,,,,100,27,,
2020-02-12 08:17:47-08:00,,,0.0,,,,,99,27,,
2020-02-12 08:17:48-08:00,,,0.0,,,,,98,27,,
2020-02-12 08:17:49-08:00,,,0.0,,,,,100,27,,
2020-02-12 08:17:50-08:00,,,0.0,,,,,102,27,,
2020-02-12 08:17:52-08:00,,,0.0,,,,,99,27,,
2020-02-12 08:17:53-08:00,,,0.0,,,,,97,27,,
2020-02-12 08:17:54-08:00,,,0.0,,,,,99,27,,
2020-02-12 08:17:56-08:00,,,0.0,,,,,98,27,,
2020-02-12 08:17:58-08:00,,,0.0,,,,,101,27,,
2020-02-12 08:17:59-08:00,,,0.0,,,,,98,27,,
2020-02-12 08:18:00-08:00,,,0.0,,,,,97,27,,
2020-02-12 08:18:01-08:00,,,0.0,,,,,98,27,,
2020-02-12 08:18:02-08:00,,,0.0,,,,,99,27,,
2020-02-12 08:18:04-08:00,,,0.0,,,,,100,27,,
2020-02-12 08:18:06-08:00,,,0.0,,,,,101,27,,
2020-02-12 08:18:08-08:00,,,0.0,,,,,102,27,,
2020-02-12 08:18:10-08:00,,,0.0,,,,,101,27,,
2020-02-12 08:18:11-08:00,,,0.0,,,,,102,27,,
2020-02-12 08:18:13-08:00,,,0.0,,,,,101,27,,
2020-02-12 08:18:14-08:00,,,0.0,,,,,103,27,,
2020-02-12 08:18:15-08:00,,,0.0,,,,,100,27,,
2020-02-12 08:18:16-08:00,,,0.0,,,,,103,27,,
2020-02-12 08:18:18-08:00,,,0.0,,,,,102,27,,
2020-02-12 08:18:19-08:00,,,0.0,,,,,104,27,,
2020-02-12 08:18:21-08:00,,,0.0,,,,,105,27,,
2020-02-12 08:18:23-08:00,,,0.0,,,,,107,27,,
2020-02-12 08:18:24-08:00,,,0.0,,,,,108,27,,
2020-02-12 08:18:26-08:00,,,0.0,,,,,109,27,,
2020-02-12 08:18:27-08:00,,,0.0,,,,,110,27,,
2020-02-12 08:18:29-08:00,,,0.0,,,,,112,27,,
2020-02-12 08:18:30-08:00,,,0.0,,,,,114,27,,
2020-02-12 08:18:31-08:00,,,0.0,,,,,111,27,,
2020-02-12 08:18:32-08:00,,,0.0,,,,,109,27,,
2020-02-12 08:18:33-08:00,,,0.0,,,,,110,27,,
2020-02-12 08:18:34-08:00,,,0.0,,,,,108,27,,
2020-02-12 08:18:36-08:00,,,0.0,,,,,109,27,,
2020-02-12 08:18:37-08:00,,,0.0,,,,,107,27,,
2020-02-12 08:18:39-08:00,,,0.0,,,,,108,27,,
2020-02-12 08:18:40-08:00,,,0.0,,,,,107,27,,
2020-02-12 08:18:41-08:00,,,0.0,,,,,106,27,,
2020-02-12 08:18:42-08:00,,,0.0,,,,,107,27,,
2020-02-12 08:18:43-08:00,,,0.0,,,,,109,27,,
2020-02-12 08:18:45-08:00,,,0.0,,,,,110,27,,
2020-02-12 08:18:46-08:00,,,0.0,,,,,109,27,,
2020-02-12 08:18:47-08:00,,,0.0,,,,,107,27,,
2020-02-12 08:18:48-08:00,,,0.0,,,,,108,27,,
2020-02-12 08:18:49-08:00,,,0.0,,,,,106,27,,
2020-02-12 08:18:50-08:00,,,0.0,,,,,105,27,,
2020-02-12 08:18:51-08:00,,,0.0,,,,,102,27,,
2020-02-12 08:18:53-08:00,,,0.0,,,,,103,27,,
2020-02-12 08:18:54-08:00,,,0.0,,,,,105,27,,
2020-02-12 08:18:55-08:00,,,0.0,,,,,106,27,,
2020-02-12 08:18:56-08:00,,,0.0,,,,,109,27,,
2020-02-12 08:18:59-08:00,,,0.0,,,,,110,27,,
2020-02-12 08:19:00-08:00,,,0.0,,,,,109,27,,
2020-02-12 08:19:03-08:00,,,0.0,,,,,108,27,,
2020-02-12 08:19:04-08:00,,,0.0,,,,,109,27,,
2020-02-12 08:19:05-08:00,,,0.0,,,,,108,27,,
2020-02-12 08:19:06-08:00,,,0.0,,,,,110,27,,
2020-02-12 08:19:07-08:00,,,0.0,,,,,112,27,,
2020-02-12 08:19:08-08:00,,,0.0,,,,,111,27,,
2020-02-12 08:19:12-08:00,,,0.0,,,,,110,27,,
2020-02-12 08:19:13-08:00,,,0.0,,,,,109,27,,
2020-02-12 08:19:14-08:00,,,0.0,,,,,107,27,,
2020-02-12 08:19:15-08:00,,,0.0,,,,,110,27,,
2020-02-12 08:19:17-08:00,,,0.0,,,,,112,27,,
2020-02-12 08:19:18-08:00,,,0.0,,,,,111,27,,
2020-02-12 08:19:20-08:00,,,0.0,,,,,114,27,,
2020-02-12 08:19:21-08:00,,,0.0,,,,,111,27,,
2020-02-12 08:19:22-08:00,,,0.0,,,,,110,27,,
2020-02-12 08:19:24-08:00,,,0.0,,,,,111,27,,
2020-02-12 08:19:25-08:00,,,0.0,,,,,112,27,,
2020-02-12 08:19:26-08:00,,,0.0,,,,,111,27,,
2020-02-12 08:19:28-08:00,,,0.0,,,,,110,27,,
2020-02-12 08:19:30-08:00,,,0.0,,,,,111,27,,
2020-02-12 08:19:31-08:00,,,0.0,,,,,109,27,,
2020-02-12 08:19:33-08:00,,,0.0,,,,,110,27,,
2020-02-12 08:19:35-08:00,,,0.0,,,,,111,27,,
2020-02-12 08:19:36-08:00,,,0.0,,,,,110,27,,
2020-02-12 08:19:37-08:00,,,0.0,,,,,109,27,,
2020-02-12 08:19:38-08:00,,,0.0,,,,,108,27,,
2020-02-12 08:19:39-08:00,,,0.0,,,,,107,27,,
2020-02-12 08:19:40-08:00,,,0.0,,,,,108,27,,
2020-02-12 08:19:43-08:00,,,0.0,,,,,107,27,,
2020-02-12 08:19:46-08:00,,,0.0,,,,,105,27,,
2020-02-12 08:19:47-08:00,,,0.0,,,,,104,27,,
2020-02-12 08:19:48-08:00,,,0.0,,,,,105,27,,
2020-02-12 08:19:50-08:00,,,0.0,,,,,107,27,,
2020-02-12 08:19:52-08:00,,,0.0,,,,,104,27,,
2020-02-12 08:19:53-08:00,,,0.0,,,,,105,27,,
2020-02-12 08:19:54-08:00,,,0.0,,,,,104,27,,
2020-02-12 08:19:55-08:00,,,0.0,,,,,103,27,,
2020-02-12 08:19:56-08:00,,,0.0,,,,,102,27,,
2020-02-12 08:19:58-08:00,,,0.0,,,,,101,27,,
2020-02-12 08:20:02-08:00,,,0.0,,,,,102,27,,
2020-02-12 08:20:04-08:00,,,0.0,,,,,101,27,,
2020-02-12 08:20:05-08:00,,,0.0,,,,,103,27,,
2020-02-12 08:20:06-08:00,,,0.0,,,,,102,27,,
2020-02-12 08:20:07-08:00,,,0.0,,,,,100,27,,
2020-02-12 08:20:10-08:00,,,0.0,,,,,99,27,,
2020-02-12 08:20:11-08:00,,,0.0,,,,,98,27,,
2020-02-12 08:20:12-08:00,,,0.0,,,,,97,27,,
2020-02-12 08:20:13-08:00,,,0.0,,,,,96,27,,
2020-02-12 08:20:14-08:00,,,0.0,,,,,98,27,,
2020-02-12 08:20:16-08:00,,,0.0,,,,,96,27,,
2020-02-12 08:20:17-08:00,,,0.0,,,,,98,27,,
2020-02-12 08:20:18-08:00,,,0.0,,,,,100,27,,
2020-02-12 08:20:20-08:00,,,0.0,,,,,99,27,,
2020-02-12 08:20:21-08:00,,,0.0,,,,,97,27,,
2020-02-12 08:20:22-08:00,,,0.0,,,,,98,27,,
2020-02-12 08:20:25-08:00,,,0.0,,,,,97,27,,
2020-02-12 08:20:26-08:00,,,0.0,,,,,98,27,,
2020-02-12 08:20:27-08:00,,,0.0,,,,,97,27,,
2020-02-12 08:20:29-08:00,,,0.0,,,,,96,27,,
2020-02-12 08:20:30-08:00,,,0.0,,,,,97,27,,
2020-02-12 08:20:31-08:00,,,0.0,,,,,98,27,,
2020-02-12 08:20:32-08:00,,,0.0,,,,,97,27,,
2020-02-12 08:20:33-08:00,,,0.0,,,,,98,27,,
2020-02-12 08:20:34-08:00,,,0.0,,,,,97,27,,
2020-02-12 08:20:35-08:00,,,0.0,,,,,98,27,,
2020-02-12 08:20:37-08:00,,,0.0,,,,,96,27,,
2020-02-12 08:20:38-08:00,,,0.0,,,,,97,27,,
2020-02-12 08:20:39-08:00,,,0.0,,,,,95,27,,
2020-02-12 08:20:42-08:00,,,0.0,,,,,94,27,,
2020-02-12 08:20:46-08:00,,,0.0,,,,,96,27,,
2020-02-12 08:20:47-08:00,,,0.0,,,,,98,27,,
2020-02-12 08:20:48-08:00,,,0.0,,,,,99,27,,
2020-02-12 08:20:49-08:00,,,0.0,,,,,101,27,,
2020-02-12 08:20:50-08:00,,,0.0,,,,,100,27,,
2020-02-12 08:20:51-08:00,,,0.0,,,,,102,27,,
2020-02-12 08:20:52-08:00,,,0.0,,,,,103,27,,
2020-02-12 08:20:55-08:00,,,0.0,,,,,102,27,,
2020-02-12 08:20:56-08:00,,,0.0,,,,,101,27,,
2020-02-12 08:20:57-08:00,,,0.0,,,,,102,27,,
2020-02-12 08:20:58-08:00,,,0.0,,,,,103,27,,
2020-02-12 08:20:59-08:00,,,0.0,,,,,101,27,,
2020-02-12 08:21:00-08:00,,,0.0,,,,,103,27,,
2020-02-12 08:21:01-08:00,,,0.0,,,,,102,27,,
2020-02-12 08:21:02-08:00,,,0.0,,,,,103,27,,
2020-02-12 08:21:03-08:00,,,0.0,,,,,102,27,,
2020-02-12 08:21:04-08:00,,,0.0,,,,,100,27,,
2020-02-12 08:21:05-08:00,,,0.0,,,,,99,27,,
2020-02-12 08:21:06-08:00,,,0.0,,,,,97,27,,
2020-02-12 08:21:08-08:00,,,0.0,,,,,98,27,,
2020-02-12 08:21:09-08:00,,,0.0,,,,,96,27,,
2020-02-12 08:21:10-08:00,,,0.0,,,,,97,27,,
2020-02-12 08:21:12-08:00,,,0.0,,,,,99,27,,
2020-02-12 08:21:13-08:00,,,0.0,,,,,103,27,,
2020-02-12 08:21:14-08:00,,,0.0,,,,,107,27,,
2020-02-12 08:21:15-08:00,,,0.0,,,,,106,27,,
2020-02-12 08:21:18-08:00,,,0.0,,,,,105,27,,
2020-02-12 08:21:19-08:00,,,0.0,,,,,106,27,,
2020-02-12 08:21:20-08:00,,,0.0,,,,,108,27,,
2020-02-12 08:21:21-08:00,,,0.0,,,,,106,27,,
2020-02-12 08:21:22-08:00,,,0.0,,,,,104,27,,
2020-02-12 08:21:24-08:00,,,0.0,,,,,102,27,,
2020-02-12 08:21:25-08:00,,,0.0,,,,,103,27,,
2020-02-12 08:21:27-08:00,,,0.0,,,,,104,27,,
2020-02-12 08:21:29-08:00,,,0.0,,,,,103,27,,
2020-02-12 08:21:30-08:00,,,0.0,,,,,102,27,,
2020-02-12 08:21:31-08:00,,,0.0,,,,,101,27,,
2020-02-12 08:21:34-08:00,,,0.0,,,,,100,27,,
2020-02-12 08:21:35-08:00,,,0.0,,,,,98,27,,
2020-02-12 08:21:36-08:00,,,0.0,,,,,99,27,,
2020-02-12 08:21:37-08:00,,,0.0,,,,,100,27,,
2020-02-12 08:21:38-08:00,,,0.0,,,,,99,27,,
2020-02-12 08:21:40-08:00,,,0.0,,,,,100,27,,
2020-02-12 08:21:41-08:00,,,0.0,,,,,99,27,,
2020-02-12 08:21:44-08:00,,,0.0,,,,,98,27,,
2020-02-12 08:21:46-08:00,,,0.0,,,,,97,27,,
2020-02-12 08:21:47-08:00,,,0.0,,,,,95,27,,
2020-02-12 08:21:49-08:00,,,0.0,,,,,97,27,,
2020-02-12 08:21:50-08:00,,,0.0,,,,,100,27,,
2020-02-12 08:21:51-08:00,,,0.0,,,,,100,27,,
2020-02-12 08:21:53-08:00,,,0.0,,,,,99,27,,
2020-02-12 08:21:54-08:00,,,0.0,,,,,100,27,,
2020-02-12 08:21:57-08:00,,,0.0,,,,,99,27,,
2020-02-12 08:21:58-08:00,,,0.0,,,,,98,27,,
2020-02-12 08:21:59-08:00,,,0.0,,,,,97,27,,
2020-02-12 08:22:00-08:00,,,0.0,,,,,98,27,,
2020-02-12 08:22:01-08:00,,,0.0,,,,,97,27,,
2020-02-12 08:22:02-08:00,,,0.0,,,,,98,27,,
2020-02-12 08:22:03-08:00,,,0.0,,,,,99,27,,
2020-02-12 08:22:05-08:00,,,0.0,,,,,98,27,,
2020-02-12 08:22:06-08:00,,,0.0,,,,,99,27,,
2020-02-12 08:22:07-08:00,,,0.0,,,,,98,27,,
2020-02-12 08:22:11-08:00,,,0.0,,,,,97,27,,
2020-02-12 08:22:12-08:00,,,0.0,,,,,98,27,,
2020-02-12 08:22:14-08:00,,,0.0,,,,,99,27,,
2020-02-12 08:22:15-08:00,,,0.0,,,,,96,27,,
2020-02-12 08:22:19-08:00,,,0.0,,,,,99,27,,
2020-02-12 08:22:20-08:00,,,0.0,,,,,98,27,,
2020-02-12 08:22:21-08:00,,,0.0,,,,,96,27,,
2020-02-12 08:22:22-08:00,,,0.0,,,,,98,27,,
2020-02-12 08:22:23-08:00,,,0.0,,,,,97,27,,
2020-02-12 08:22:25-08:00,,,0.0,,,,,96,27,,
2020-02-12 08:22:27-08:00,,,0.0,,,,,97,27,,
2020-02-12 08:22:28-08:00,,,0.0,,,,,96,27,,
2020-02-12 08:22:29-08:00,,,0.0,,,,,97,27,,
2020-02-12 08:22:30-08:00,,,0.0,,,,,96,27,,
2020-02-12 08:22:31-08:00,,,0.0,,,,,97,27,,
2020-02-12 08:22:33-08:00,,,0.0,,,,,96,27,,
2020-02-12 08:22:35-08:00,,,0.0,,,,,97,27,,
2020-02-12 08:22:36-08:00,,,0.0,,,,,96,27,,
2020-02-12 08:22:37-08:00,,,0.0,,,,,97,27,,
2020-02-12 08:22:38-08:00,,,0.0,,,,,96,27,,
2020-02-12 08:22:39-08:00,,,0.0,,,,,94,27,,
2020-02-12 08:22:40-08:00,,,0.0,,,,,98,27,,
2020-02-12 08:22:41-08:00,,,0.0,,,,,97,27,,
2020-02-12 08:22:45-08:00,,,0.0,,,,,98,27,,
2020-02-12 08:22:46-08:00,,,0.0,,,,,97,27,,
2020-02-12 08:22:47-08:00,,,0.0,,,,,98,27,,
2020-02-12 08:22:48-08:00,,,0.0,,,,,99,27,,
2020-02-12 08:22:49-08:00,,,0.0,,,,,98,27,,
2020-02-12 08:22:51-08:00,,,0.0,,,,,97,27,,
2020-02-12 08:22:54-08:00,,,0.0,,,,,95,27,,
2020-02-12 08:22:56-08:00,,,0.0,,,,,96,27,,
2020-02-12 08:22:57-08:00,,,0.0,,,,,97,27,,
2020-02-12 08:22:58-08:00,,,0.0,,,,,99,27,,
2020-02-12 08:23:01-08:00,,,0.0,,,,,101,27,,
2020-02-12 08:23:02-08:00,,,0.0,,,,,99,27,,
2020-02-12 08:23:06-08:00,,,0.0,,,,,98,27,,
2020-02-12 08:23:07-08:00,,,0.0,,,,,97,27,,
2020-02-12 08:23:09-08:00,,,0.0,,,,,96,27,,
2020-02-12 08:23:11-08:00,,,0.0,,,,,97,27,,
2020-02-12 08:23:12-08:00,,,0.0,,,,,98,27,,
2020-02-12 08:23:13-08:00,,,0.0,,,,,97,27,,
2020-02-12 08:23:14-08:00,,,0.0,,,,,98,27,,
2020-02-12 08:23:16-08:00,,,0.0,,,,,100,27,,
2020-02-12 08:23:17-08:00,,,0.0,,,,,98,27,,
2020-02-12 08:23:18-08:00,,,0.0,,,,,101,27,,
2020-02-12 08:23:19-08:00,,,0.0,,,,,98,27,,
2020-02-12 08:23:20-08:00,,,0.0,,,,,99,27,,
2020-02-12 08:23:21-08:00,,,0.0,,,,,98,27,,
2020-02-12 08:23:25-08:00,,,0.0,,,,,97,27,,
2020-02-12 08:23:26-08:00,,,0.0,,,,,98,27,,
2020-02-12 08:23:27-08:00,,,0.0,,,,,97,27,,
2020-02-12 08:23:30-08:00,,,0.0,,,,,100,27,,
2020-02-12 08:23:34-08:00,,,0.0,,,,,98,27,,
2020-02-12 08:23:39-08:00,,,0.0,,,,,99,27,,
2020-02-12 08:23:40-08:00,,,0.0,,,,,98,27,,
2020-02-12 08:23:41-08:00,,,0.0,,,,,97,27,,
2020-02-12 08:23:44-08:00,,,0.0,,,,,98,27,,
2020-02-12 08:23:46-08:00,,,0.0,,,,,97,27,,
2020-02-12 08:23:47-08:00,,,0.0,,,,,98,27,,
2020-02-12 08:23:50-08:00,,,0.0,,,,,99,27,,
2020-02-12 08:23:51-08:00,,,0.0,,,,,98,27,,
2020-02-12 08:23:52-08:00,,,0.0,,,,,97,27,,
2020-02-12 08:23:53-08:00,,,0.0,,,,,96,27,,
2020-02-12 08:23:56-08:00,,,0.0,,,,,94,27,,
2020-02-12 08:23:57-08:00,,,0.0,,,,,96,27,,
2020-02-12 08:24:00-08:00,,,0.0,,,,,97,27,,
2020-02-12 08:24:01-08:00,,,0.0,,,,,96,27,,
2020-02-12 08:24:02-08:00,,,0.0,,,,,95,27,,
2020-02-12 08:24:03-08:00,,,0.0,,,,,96,27,,
2020-02-12 08:24:04-08:00,,,0.0,,,,,95,27,,
2020-02-12 08:24:06-08:00,,,0.0,,,,,94,27,,
2020-02-12 08:24:07-08:00,,,0.0,,,,,95,27,,
2020-02-12 08:24:08-08:00,,,0.0,,,,,94,27,,
2020-02-12 08:24:09-08:00,,,0.0,,,,,95,27,,
2020-02-12 08:24:10-08:00,,,0.0,,,,,94,27,,
2020-02-12 08:24:12-08:00,,,0.0,,,,,93,27,,
2020-02-12 08:24:14-08:00,,,0.0,,,,,94,27,,
2020-02-12 08:24:15-08:00,,,0.0,,,,,92,27,,
2020-02-12 08:24:17-08:00,,,0.0,,,,,91,27,,
2020-02-12 08:24:18-08:00,,,0.0,,,,,92,27,,
2020-02-12 08:24:19-08:00,,,0.0,,,,,93,27,,
2020-02-12 08:24:21-08:00,,,0.0,,,,,95,27,,
2020-02-12 08:24:24-08:00,,,0.0,,,,,96,27,,
2020-02-12 08:24:26-08:00,,,0.0,,,,,98,27,,
2020-02-12 08:24:27-08:00,,,0.0,,,,,97,27,,
2020-02-12 08:24:29-08:00,,,0.0,,,,,96,27,,
2020-02-12 08:24:32-08:00,,,0.0,,,,,95,27,,
2020-02-12 08:24:33-08:00,,,0.0,,,,,100,27,,
2020-02-12 08:24:34-08:00,,,0.0,,,,,103,27,,
2020-02-12 08:24:35-08:00,,,0.0,,,,,102,27,,
2020-02-12 08:24:39-08:00,,,0.0,,,,,103,27,,
2020-02-12 08:24:40-08:00,,,0.0,,,,,102,27,,
2020-02-12 08:24:42-08:00,,,0.0,,,,,103,27,,
2020-02-12 08:24:43-08:00,,,0.0,,,,,101,27,,
2020-02-12 08:24:44-08:00,,,0.0,,,,,100,27,,
2020-02-12 08:24:45-08:00,,,0.0,,,,,101,27,,
2020-02-12 08:24:46-08:00,,,0.0,,,,,102,27,,
2020-02-12 08:24:47-08:00,,,0.0,,,,,101,27,,
2020-02-12 08:24:48-08:00,,,0.0,,,,,99,27,,
2020-02-12 08:24:52-08:00,,,0.0,,,,,97,27,,
2020-02-12 08:24:53-08:00,,,0.0,,,,,98,27,,
2020-02-12 08:24:54-08:00,,,0.0,,,,,99,27,,
2020-02-12 08:24:55-08:00,,,0.0,,,,,98,27,,
2020-02-12 08:24:57-08:00,,,0.0,,,,,97,27,,
2020-02-12 08:24:59-08:00,,,0.0,,,,,98,27,,
2020-02-12 08:25:00-08:00,,,0.0,,,,,96,27,,
2020-02-12 08:25:01-08:00,,,0.0,,,,,97,27,,
2020-02-12 08:25:02-08:00,,,0.0,,,,,98,27,,
2020-02-12 08:25:04-08:00,,,0.0,,,,,97,27,,
2020-02-12 08:25:06-08:00,,,0.0,,,,,99,27,,
2020-02-12 08:25:07-08:00,,,0.0,,,,,95,27,,
2020-02-12 08:25:08-08:00,,,0.0,,,,,99,27,,
2020-02-12 08:25:09-08:00,,,0.0,,,,,101,27,,
2020-02-12 08:25:10-08:00,,,0.0,,,,,103,27,,
2020-02-12 08:25:12-08:00,,,0.0,,,,,106,27,,
2020-02-12 08:25:13-08:00,,,0.0,,,,,107,27,,
2020-02-12 08:25:14-08:00,,,0.0,,,,,109,27,,
2020-02-12 08:25:15-08:00,,,0.0,,,,,110,27,,
2020-02-12 08:25:16-08:00,,,0.0,,,,,111,27,,
2020-02-12 08:25:17-08:00,,,0.0,,,,,109,27,,
2020-02-12 08:25:18-08:00,,,0.0,,,,,108,27,,
2020-02-12 08:25:19-08:00,,,0.0,,,,,105,27,,
2020-02-12 08:25:20-08:00,,,0.0,,,,,103,27,,
2020-02-12 08:25:21-08:00,,,0.0,,,,,100,27,,
2020-02-12 08:25:22-08:00,,,0.0,,,,,99,27,,
2020-02-12 08:25:23-08:00,,,0.0,,,,,97,27,,
2020-02-12 08:25:24-08:00,,,0.0,,,,,95,27,,
2020-02-12 08:25:25-08:00,,,0.0,,,,,93,27,,
2020-02-12 08:25:26-08:00,,,0.0,,,,,89,27,,
2020-02-12 08:25:27-08:00,,,0.0,,,,,88,27,,
2020-02-12 08:25:28-08:00,,,0.0,,,,,84,27,,
2020-02-12 08:25:29-08:00,,,0.0,,,,,81,27,,
2020-02-12 08:25:30-08:00,,,0.0,,,,,80,27,,
2020-02-12 08:25:35-08:00,,,0.0,,,,,79,27,,
2020-02-12 08:25:36-08:00,,,0.0,,,,,81,27,,
2020-02-12 08:25:37-08:00,,,0.0,,,,,83,27,,
2020-02-12 08:25:39-08:00,,,0.0,,,,,86,27,,
2020-02-12 08:25:40-08:00,,,0.0,,,,,85,27,,
2020-02-12 08:25:42-08:00,,,0.0,,,,,87,27,,
2020-02-12 08:25:43-08:00,,,0.0,,,,,85,27,,
2020-02-12 08:25:44-08:00,,,0.0,,,,,87,27,,
2020-02-12 08:25:45-08:00,,,0.0,,,,,86,27,,
2020-02-12 08:25:46-08:00,,,0.0,,,,,89,27,,
2020-02-12 08:25:47-08:00,,,0.0,,,,,88,27,,
2020-02-12 08:25:48-08:00,,,0.0,,,,,89,27,,
2020-02-12 08:25:50-08:00,,,0.0,,,,,90,27,,
2020-02-12 08:25:51-08:00,,,0.0,,,,,91,27,,
2020-02-12 08:25:54-08:00,,,0.0,,,,,90,27,,
2020-02-12 08:25:55-08:00,,,0.0,,,,,95,27,,
2020-02-12 08:25:56-08:00,,,0.0,,,,,100,27,,
2020-02-12 08:25:57-08:00,,,0.0,,,,,99,27,,
2020-02-12 08:25:58-08:00,,,0.0,,,,,97,27,,
2020-02-12 08:25:59-08:00,,,0.0,,,,,98,27,,
2020-02-12 08:26:01-08:00,,,0.0,,,,,99,27,,
2020-02-12 08:26:02-08:00,,,0.0,,,,,98,27,,
2020-02-12 08:26:03-08:00,,,0.0,,,,,99,27,,
2020-02-12 08:26:05-08:00,,,0.0,,,,,97,27,,
2020-02-12 08:26:08-08:00,,,0.0,,,,,96,27,,
2020-02-12 08:26:10-08:00,,,0.0,,,,,95,27,,
2020-02-12 08:26:11-08:00,,,0.0,,,,,96,27,,
2020-02-12 08:26:12-08:00,,,0.0,,,,,94,27,,
2020-02-12 08:26:13-08:00,,,0.0,,,,,93,27,,
2020-02-12 08:26:14-08:00,,,0.0,,,,,95,27,,
2020-02-12 08:26:16-08:00,,,0.0,,,,,96,27,,
2020-02-12 08:26:18-08:00,,,0.0,,,,,95,27,,
2020-02-12 08:26:19-08:00,,,0.0,,,,,94,27,,
2020-02-12 08:26:31-08:00,,,0.0,,,,,93,27,,
2020-02-12 08:26:34-08:00,,,0.0,,,,,92,27,,
2020-02-12 08:26:35-08:00,,,0.0,,,,,94,27,,
2020-02-12 08:26:36-08:00,,,0.0,,,,,93,27,,
2020-02-12 08:26:38-08:00,,,0.0,,,,,92,27,,
2020-02-12 08:26:40-08:00,,,0.0,,,,,90,27,,
2020-02-12 08:26:42-08:00,,,0.0,,,,,89,27,,
2020-02-12 08:26:43-08:00,,,0.0,,,,,90,27,,
2020-02-12 08:26:44-08:00,,,0.0,,,,,91,27,,
2020-02-12 08:26:46-08:00,,,0.0,,,,,90,27,,
2020-02-12 08:26:48-08:00,,,0.0,,,,,91,27,,
2020-02-12 08:26:50-08:00,,,0.0,,,,,92,27,,
2020-02-12 08:26:51-08:00,,,0.0,,,,,90,27,,
2020-02-12 08:26:52-08:00,,,0.0,,,,,93,27,,
2020-02-12 08:26:53-08:00,,,0.0,,,,,92,27,,
2020-02-12 08:26:55-08:00,,,0.0,,,,,91,27,,
2020-02-12 08:26:56-08:00,,,0.0,,,,,90,27,,
2020-02-12 08:26:57-08:00,,,0.0,,,,,89,27,,
2020-02-12 08:27:00-08:00,,,0.0,,,,,88,27,,
2020-02-12 08:27:01-08:00,,,0.0,,,,,89,27,,
2020-02-12 08:27:04-08:00,,,0.0,,,,,90,27,,
2020-02-12 08:27:07-08:00,,,0.0,,,,,91,27,,
2020-02-12 08:27:08-08:00,,,0.0,,,,,90,27,,
2020-02-12 08:27:09-08:00,,,0.0,,,,,92,27,,
2020-02-12 08:27:10-08:00,,,0.0,,,,,91,27,,
2020-02-12 08:27:11-08:00,,,0.0,,,,,90,27,,
2020-02-12 08:27:12-08:00,,,0.0,,,,,88,27,,
2020-02-12 08:27:14-08:00,,,0.0,,,,,89,27,,
2020-02-12 08:27:15-08:00,,,0.0,,,,,88,27,,
2020-02-12 08:27:21-08:00,,,0.0,,,,,89,27,,
2020-02-12 08:27:22-08:00,,,0.0,,,,,88,27,,
2020-02-12 08:27:26-08:00,,,0.0,,,,,87,27,,
2020-02-12 08:27:28-08:00,,,0.0,,,,,86,27,,
2020-02-12 08:27:30-08:00,,,0.0,,,,,85,27,,
2020-02-12 08:27:31-08:00,,,0.0,,,,,87,27,,
2020-02-12 08:27:32-08:00,,,0.0,,,,,85,27,,
2020-02-12 08:27:33-08:00,,,0.0,,,,,86,27,,
2020-02-12 08:27:34-08:00,,,0.0,,,,,85,27,,
2020-02-12 08:27:36-08:00,,,0.0,,,,,86,27,,
2020-02-12 08:27:37-08:00,,,0.0,,,,,85,27,,
2020-02-12 08:27:38-08:00,,,0.0,,,,,86,27,,
2020-02-12 08:27:40-08:00,,,0.0,,,,,85,27,,
2020-02-12 08:27:41-08:00,,,0.0,,,,,86,27,,
2020-02-12 08:27:42-08:00,,,0.0,,,,,84,27,,
2020-02-12 08:27:47-08:00,,,0.0,,,,,83,27,,
2020-02-12 08:27:48-08:00,,,0.0,,,,,84,27,,
2020-02-12 08:27:49-08:00,,,0.0,,,,,85,27,,
2020-02-12 08:27:51-08:00,,,0.0,,,,,86,27,,
2020-02-12 08:27:52-08:00,,,0.0,,,,,85,27,,
2020-02-12 08:27:53-08:00,,,0.0,,,,,86,27,,
2020-02-12 08:27:56-08:00,,,0.0,,,,,87,27,,
2020-02-12 08:27:58-08:00,,,0.0,,,,,85,27,,
2020-02-12 08:27:59-08:00,,,0.0,,,,,86,27,,
2020-02-12 08:28:00-08:00,,,0.0,,,,,84,27,,
2020-02-12 08:28:01-08:00,,,0.0,,,,,83,27,,
2020-02-12 08:28:02-08:00,,,0.0,,,,,81,27,,
2020-02-12 08:28:05-08:00,,,0.0,,,,,82,27,,
2020-02-12 08:28:08-08:00,,,0.0,,,,,83,27,,
2020-02-12 08:28:09-08:00,,,0.0,,,,,80,27,,
2020-02-12 08:28:10-08:00,,,0.0,,,,,82,27,,
2020-02-12 08:28:12-08:00,,,0.0,,,,,81,27,,
2020-02-12 08:28:14-08:00,,,0.0,,,,,83,27,,
2020-02-12 08:28:15-08:00,,,0.0,,,,,82,27,,
2020-02-12 08:28:17-08:00,,,0.0,,,,,81,27,,
2020-02-12 08:28:18-08:00,,,0.0,,,,,82,27,,
2020-02-12 08:28:19-08:00,,,0.0,,,,,81,27,,
2020-02-12 08:28:22-08:00,,,0.0,,,,,80,27,,
2020-02-12 08:28:23-08:00,,,0.0,,,,,81,27,,
2020-02-12 08:28:24-08:00,,,0.0,,,,,80,27,,
2020-02-12 08:28:26-08:00,,,0.0,,,,,79,27,,
2020-02-12 08:28:29-08:00,,,0.0,,,,,80,27,,
2020-02-12 08:28:30-08:00,,,0.0,,,,,78,27,,
2020-02-12 08:28:32-08:00,,,0.0,,,,,79,27,,
2020-02-12 08:28:34-08:00,,,0.0,,,,,78,27,,
2020-02-12 08:28:35-08:00,,,0.0,,,,,79,27,,
2020-02-12 08:28:37-08:00,,,0.0,,,,,80,27,,
2020-02-12 08:28:38-08:00,,,0.0,,,,,78,27,,
2020-02-12 08:28:39-08:00,,,0.0,,,,,77,27,,
2020-02-12 08:28:42-08:00,,,0.0,,,,,78,27,,
2020-02-12 08:28:43-08:00,,,0.0,,,,,76,27,,
2020-02-12 08:28:45-08:00,,,0.0,,,,,75,27,,
2020-02-12 08:28:46-08:00,,,0.0,,,,,82,27,,
2020-02-12 08:28:47-08:00,,,0.0,,,,,83,27,,
2020-02-12 08:28:48-08:00,,,0.0,,,,,84,27,,
2020-02-12 08:28:52-08:00,,,0.0,,,,,86,27,,
2020-02-12 08:28:53-08:00,,,0.0,,,,,87,27,,
2020-02-12 08:28:54-08:00,,,0.0,,,,,90,27,,
2020-02-12 08:28:55-08:00,,,0.0,,,,,88,27,,
2020-02-12 08:28:56-08:00,,,0.0,,,,,87,27,,
2020-02-12 08:29:00-08:00,,,0.0,,,,,86,27,,
2020-02-12 08:29:01-08:00,,,0.0,,,,,87,27,,
2020-02-12 08:29:02-08:00,,,0.0,,,,,86,27,,
2020-02-12 08:29:03-08:00,,,0.0,,,,,87,27,,
2020-02-12 08:29:06-08:00,,,0.0,,,,,89,27,,
2020-02-12 08:29:09-08:00,,,0.0,,,,,90,27,,
2020-02-12 08:29:10-08:00,,,0.0,,,,,87,27,,
2020-02-12 08:29:11-08:00,,,0.0,,,,,89,27,,
2020-02-12 08:29:12-08:00,,,0.0,,,,,88,27,,
2020-02-12 08:29:13-08:00,,,0.0,,,,,89,27,,
2020-02-12 08:29:16-08:00,,,0.0,,,,,90,27,,
2020-02-12 08:29:17-08:00,,,0.0,,,,,89,27,,
2020-02-12 08:29:19-08:00,,,0.0,,,,,87,27,,
2020-02-12 08:29:21-08:00,,,0.0,,,,,88,27,,
2020-02-12 08:29:26-08:00,,,0.0,,,,,87,27,,
2020-02-12 08:29:27-08:00,,,0.0,,,,,86,27,,
2020-02-12 08:29:28-08:00,,,0.0,,,,,85,27,,
2020-02-12 08:29:31-08:00,,,0.0,,,,,84,27,,
2020-02-12 08:29:32-08:00,,,0.0,,,,,85,27,,
2020-02-12 08:29:33-08:00,,,0.0,,,,,84,27,,
2020-02-12 08:29:34-08:00,,,0.0,,,,,85,27,,
2020-02-12 08:29:35-08:00,,,0.0,,,,,86,27,,
2020-02-12 08:29:36-08:00,,,0.0,,,,,87,27,,
2020-02-12 08:29:38-08:00,,,0.0,,,,,88,27,,
2020-02-12 08:29:39-08:00,,,0.0,,,,,89,27,,
2020-02-12 08:29:40-08:00,,,0.0,,,,,86,27,,
2020-02-12 08:29:41-08:00,,,0.0,,,,,88,27,,
2020-02-12 08:29:42-08:00,,,0.0,,,,,87,27,,
2020-02-12 08:29:44-08:00,,,0.0,,,,,83,27,,
2020-02-12 08:29:46-08:00,,,0.0,,,,,84,27,,
2020-02-12 08:29:47-08:00,,,0.0,,,,,83,27,,
2020-02-12 08:29:48-08:00,,,0.0,,,,,82,27,,
2020-02-12 08:29:50-08:00,,,0.0,,,,,79,27,,
2020-02-12 08:29:51-08:00,,,0.0,,,,,84,27,,
2020-02-12 08:29:52-08:00,,,0.0,,,,,83,27,,
2020-02-12 08:29:53-08:00,,,0.0,,,,,82,27,,
2020-02-12 08:29:55-08:00,,,0.0,,,,,80,27,,
2020-02-12 08:29:56-08:00,,,0.0,,,,,82,27,,
2020-02-12 08:29:57-08:00,,,0.0,,,,,84,27,,
2020-02-12 08:29:58-08:00,,,0.0,,,,,83,27,,
2020-02-12 08:29:59-08:00,,,0.0,,,,,82,27,,
2020-02-12 08:30:00-08:00,,,0.0,,,,,85,27,,
2020-02-12 08:30:02-08:00,,,0.0,,,,,84,27,,
2020-02-12 08:30:03-08:00,,,0.0,,,,,83,27,,
2020-02-12 08:30:05-08:00,,,0.0,,,,,82,27,,
2020-02-12 08:30:06-08:00,,,0.0,,,,,83,27,,
2020-02-12 08:30:07-08:00,,,0.0,,,,,84,27,,
2020-02-12 08:30:08-08:00,,,0.0,,,,,82,27,,
2020-02-12 08:30:09-08:00,,,0.0,,,,,83,27,,
2020-02-12 08:30:10-08:00,,,0.0,,,,,88,27,,
2020-02-12 08:30:11-08:00,,,0.0,,,,,91,27,,
2020-02-12 08:30:12-08:00,,,0.0,,,,,90,27,,
2020-02-12 08:30:13-08:00,,,0.0,,,,,91,27,,
2020-02-12 08:30:15-08:00,,,0.0,,,,,90,27,,
2020-02-12 08:30:16-08:00,,,0.0,,,,,87,27,,
2020-02-12 08:30:17-08:00,,,0.0,,,,,86,27,,
2020-02-12 08:30:18-08:00,,,0.0,,,,,89,27,,
2020-02-12 08:30:19-08:00,,,0.0,,,,,88,27,,
2020-02-12 08:30:21-08:00,,,0.0,,,,,93,27,,
2020-02-12 08:30:22-08:00,,,0.0,,,,,92,27,,
2020-02-12 08:30:25-08:00,,,0.0,,,,,98,27,,
2020-02-12 08:30:26-08:00,,,0.0,,,,,102,27,,
2020-02-12 08:30:27-08:00,,,0.0,,,,,106,27,,
2020-02-12 08:30:28-08:00,,,0.0,,,,,106,27,,
2020-02-12 08:30:30-08:00,,,0.0,,,,,107,27,,
2020-02-12 08:30:31-08:00,,,0.0,,,,,105,27,,
2020-02-12 08:30:32-08:00,,,0.0,,,,,106,27,,
2020-02-12 08:30:34-08:00,,,0.0,,,,,105,27,,
2020-02-12 08:30:36-08:00,,,0.0,,,,,102,27,,
2020-02-12 08:30:38-08:00,,,0.0,,,,,103,27,,
2020-02-12 08:30:40-08:00,,,0.0,,,,,102,27,,
2020-02-12 08:30:41-08:00,,,0.0,,,,,103,27,,
2020-02-12 08:30:43-08:00,,,0.0,,,,,104,27,,
2020-02-12 08:30:44-08:00,,,0.0,,,,,107,27,,
2020-02-12 08:30:45-08:00,,,0.0,,,,,106,27,,
2020-02-12 08:30:46-08:00,,,0.0,,,,,109,27,,
2020-02-12 08:30:47-08:00,,,0.0,,,,,108,27,,
2020-02-12 08:30:48-08:00,,,0.0,,,,,111,27,,
2020-02-12 08:30:49-08:00,,,0.0,,,,,112,27,,
2020-02-12 08:30:50-08:00,,,0.0,,,,,114,27,,
2020-02-12 08:30:51-08:00,,,0.0,,,,,115,27,,
2020-02-12 08:30:52-08:00,,,0.0,,,,,116,27,,
2020-02-12 08:30:56-08:00,,,0.0,,,,,118,27,,
2020-02-12 08:30:59-08:00,,,0.0,,,,,119,27,,
2020-02-12 08:31:00-08:00,,,0.0,,,,,118,27,,
2020-02-12 08:31:01-08:00,,,0.0,,,,,119,27,,
2020-02-12 08:31:03-08:00,,,0.0,,,,,118,27,,
2020-02-12 08:31:04-08:00,,,0.0,,,,,119,27,,
2020-02-12 08:31:07-08:00,,,0.0,,,,,120,27,,
2020-02-12 08:31:12-08:00,,,0.0,,,,,119,27,,
2020-02-12 08:31:13-08:00,,,0.0,,,,,118,27,,
2020-02-12 08:31:14-08:00,,,0.0,,,,,117,27,,
2020-02-12 08:31:15-08:00,,,0.0,,,,,116,27,,
2020-02-12 08:31:16-08:00,,,0.0,,,,,117,27,,
2020-02-12 08:31:17-08:00,,,0.0,,,,,118,27,,
2020-02-12 08:31:18-08:00,,,0.0,,,,,116,27,,
2020-02-12 08:31:21-08:00,,,0.0,,,,,117,27,,
2020-02-12 08:31:22-08:00,,,0.0,,,,,116,27,,
2020-02-12 08:31:23-08:00,,,0.0,,,,,117,27,,
2020-02-12 08:31:26-08:00,,,0.0,,,,,116,27,,
2020-02-12 08:31:28-08:00,,,0.0,,,,,115,27,,
2020-02-12 08:31:29-08:00,,,0.0,,,,,113,27,,
2020-02-12 08:31:30-08:00,,,0.0,,,,,116,27,,
2020-02-12 08:31:31-08:00,,,0.0,,,,,115,27,,
2020-02-12 08:31:32-08:00,,,0.0,,,,,119,27,,
2020-02-12 08:31:33-08:00,,,0.0,,,,,117,27,,
2020-02-12 08:31:34-08:00,,,0.0,,,,,118,27,,
2020-02-12 08:31:35-08:00,,,0.0,,,,,115,27,,
2020-02-12 08:31:37-08:00,,,0.0,,,,,116,27,,
2020-02-12 08:31:38-08:00,,,0.0,,,,,115,27,,
2020-02-12 08:31:39-08:00,,,0.0,,,,,116,27,,
2020-02-12 08:31:40-08:00,,,0.0,,,,,115,27,,
2020-02-12 08:31:41-08:00,,,0.0,,,,,114,27,,
2020-02-12 08:31:43-08:00,,,0.0,,,,,113,27,,
2020-02-12 08:31:44-08:00,,,0.0,,,,,112,27,,
2020-02-12 08:31:46-08:00,,,0.0,,,,,111,27,,
2020-02-12 08:31:48-08:00,,,0.0,,,,,109,27,,
2020-02-12 08:31:49-08:00,,,0.0,,,,,110,27,,
2020-02-12 08:31:50-08:00,,,0.0,,,,,112,27,,
2020-02-12 08:31:51-08:00,,,0.0,,,,,113,27,,
2020-02-12 08:31:52-08:00,,,0.0,,,,,116,27,,
2020-02-12 08:31:53-08:00,,,0.0,,,,,117,27,,
2020-02-12 08:31:56-08:00,,,0.0,,,,,118,27,,
2020-02-12 08:31:59-08:00,,,0.0,,,,,117,27,,
2020-02-12 08:32:01-08:00,,,0.0,,,,,116,27,,
2020-02-12 08:32:03-08:00,,,0.0,,,,,115,27,,
2020-02-12 08:32:04-08:00,,,0.0,,,,,114,27,,
2020-02-12 08:32:05-08:00,,,0.0,,,,,113,27,,
2020-02-12 08:32:07-08:00,,,0.0,,,,,114,27,,
2020-02-12 08:32:10-08:00,,,0.0,,,,,117,27,,
2020-02-12 08:32:11-08:00,,,0.0,,,,,119,27,,
2020-02-12 08:32:13-08:00,,,0.0,,,,,118,27,,
2020-02-12 08:32:15-08:00,,,0.0,,,,,117,27,,
2020-02-12 08:32:18-08:00,,,0.0,,,,,116,27,,
2020-02-12 08:32:19-08:00,,,0.0,,,,,114,27,,
2020-02-12 08:32:25-08:00,,,0.0,,,,,115,27,,
2020-02-12 08:32:27-08:00,,,0.0,,,,,114,27,,
2020-02-12 08:32:28-08:00,,,0.0,,,,,120,27,,
2020-02-12 08:32:29-08:00,,,0.0,,,,,119,27,,
2020-02-12 08:32:30-08:00,,,0.0,,,,,118,27,,
2020-02-12 08:32:31-08:00,,,0.0,,,,,119,27,,
2020-02-12 08:32:32-08:00,,,0.0,,,,,118,27,,
2020-02-12 08:32:34-08:00,,,0.0,,,,,116,27,,
2020-02-12 08:32:35-08:00,,,0.0,,,,,115,27,,
2020-02-12 08:32:37-08:00,,,0.0,,,,,117,27,,
2020-02-12 08:32:38-08:00,,,0.0,,,,,114,27,,
2020-02-12 08:32:39-08:00,,,0.0,,,,,116,27,,
2020-02-12 08:32:40-08:00,,,0.0,,,,,115,27,,
2020-02-12 08:32:41-08:00,,,0.0,,,,,116,27,,
2020-02-12 08:32:42-08:00,,,0.0,,,,,117,27,,
2020-02-12 08:32:43-08:00,,,0.0,,,,,115,27,,
2020-02-12 08:32:44-08:00,,,0.0,,,,,116,27,,
2020-02-12 08:32:46-08:00,,,0.0,,,,,118,27,,
2020-02-12 08:32:47-08:00,,,0.0,,,,,121,27,,
2020-02-12 08:32:48-08:00,,,0.0,,,,,120,27,,
2020-02-12 08:32:49-08:00,,,0.0,,,,,121,27,,
2020-02-12 08:32:50-08:00,,,0.0,,,,,122,27,,
2020-02-12 08:32:51-08:00,,,0.0,,,,,123,27,,
2020-02-12 08:32:52-08:00,,,0.0,,,,,125,27,,
2020-02-12 08:32:54-08:00,,,0.0,,,,,124,27,,
2020-02-12 08:32:56-08:00,,,0.0,,,,,125,27,,
2020-02-12 08:32:57-08:00,,,0.0,,,,,126,27,,
2020-02-12 08:32:58-08:00,,,0.0,,,,,127,27,,
2020-02-12 08:33:00-08:00,,,0.0,,,,,128,27,,
2020-02-12 08:33:01-08:00,,,0.0,,,,,127,27,,
2020-02-12 08:33:03-08:00,,,0.0,,,,,126,27,,
2020-02-12 08:33:06-08:00,,,0.0,,,,,127,27,,
2020-02-12 08:33:07-08:00,,,0.0,,,,,126,27,,
2020-02-12 08:33:08-08:00,,,0.0,,,,,127,27,,
2020-02-12 08:33:11-08:00,,,0.0,,,,,126,27,,
2020-02-12 08:33:13-08:00,,,0.0,,,,,127,27,,
2020-02-12 08:33:14-08:00,,,0.0,,,,,125,27,,
2020-02-12 08:33:15-08:00,,,0.0,,,,,126,27,,
2020-02-12 08:33:16-08:00,,,0.0,,,,,127,27,,
2020-02-12 08:33:18-08:00,,,0.0,,,,,126,27,,
2020-02-12 08:33:19-08:00,,,0.0,,,,,127,27,,
2020-02-12 08:33:20-08:00,,,0.0,,,,,125,27,,
2020-02-12 08:33:21-08:00,,,0.0,,,,,127,27,,
2020-02-12 08:33:22-08:00,,,0.0,,,,,125,27,,
2020-02-12 08:33:24-08:00,,,0.0,,,,,126,27,,
2020-02-12 08:33:27-08:00,,,0.0,,,,,124,27,,
2020-02-12 08:33:28-08:00,,,0.0,,,,,123,27,,
2020-02-12 08:33:29-08:00,,,0.0,,,,,124,27,,
2020-02-12 08:33:30-08:00,,,0.0,,,,,123,27,,
2020-02-12 08:33:31-08:00,,,0.0,,,,,124,27,,
2020-02-12 08:33:35-08:00,,,0.0,,,,,125,27,,
2020-02-12 08:33:36-08:00,,,0.0,,,,,124,27,,
2020-02-12 08:33:37-08:00,,,0.0,,,,,123,27,,
2020-02-12 08:33:38-08:00,,,0.0,,,,,122,27,,
2020-02-12 08:33:39-08:00,,,0.0,,,,,123,27,,
2020-02-12 08:33:41-08:00,,,0.0,,,,,121,27,,
2020-02-12 08:33:43-08:00,,,0.0,,,,,123,27,,
2020-02-12 08:33:44-08:00,,,0.0,,,,,122,27,,
2020-02-12 08:33:49-08:00,,,0.0,,,,,120,27,,
2020-02-12 08:33:50-08:00,,,0.0,,,,,124,27,,
2020-02-12 08:33:52-08:00,,,0.0,,,,,126,27,,
2020-02-12 08:33:53-08:00,,,0.0,,,,,127,27,,
2020-02-12 08:33:54-08:00,,,0.0,,,,,128,27,,
2020-02-12 08:33:55-08:00,,,0.0,,,,,127,27,,
2020-02-12 08:33:56-08:00,,,0.0,,,,,128,27,,
2020-02-12 08:33:57-08:00,,,0.0,,,,,130,27,,
2020-02-12 08:33:58-08:00,,,0.0,,,,,132,27,,
2020-02-12 08:33:59-08:00,,,0.0,,,,,135,27,,
2020-02-12 08:34:00-08:00,,,0.0,,,,,137,27,,
2020-02-12 08:34:01-08:00,,,0.0,,,,,139,27,,
2020-02-12 08:34:03-08:00,,,0.0,,,,,140,27,,
2020-02-12 08:34:04-08:00,,,0.0,,,,,139,27,,
2020-02-12 08:34:07-08:00,,,0.0,,,,,138,27,,
2020-02-12 08:34:09-08:00,,,0.0,,,,,136,27,,
2020-02-12 08:34:12-08:00,,,0.0,,,,,135,27,,
2020-02-12 08:34:15-08:00,,,0.0,,,,,132,27,,
2020-02-12 08:34:16-08:00,,,0.0,,,,,130,27,,
2020-02-12 08:34:19-08:00,,,0.0,,,,,129,27,,
2020-02-12 08:34:24-08:00,,,0.0,,,,,128,27,,
2020-02-12 08:34:28-08:00,,,0.0,,,,,129,27,,
2020-02-12 08:34:34-08:00,,,0.0,,,,,128,27,,
2020-02-12 08:34:36-08:00,,,0.0,,,,,127,27,,
2020-02-12 08:34:42-08:00,,,0.0,,,,,126,27,,
2020-02-12 08:34:46-08:00,,,0.0,,,,,125,27,,
2020-02-12 08:35:01-08:00,,,0.0,,,,,127,27,,
2020-02-12 08:35:02-08:00,,,0.0,,,,,125,27,,
2020-02-12 08:35:03-08:00,,,0.0,,,,,126,27,,
2020-02-12 08:35:04-08:00,,,0.0,,,,,127,27,,
2020-02-12 08:35:05-08:00,,,0.0,,,,,129,27,,
2020-02-12 08:35:06-08:00,,,0.0,,,,,130,27,,
2020-02-12 08:35:09-08:00,,,0.0,,,,,131,27,,
2020-02-12 08:35:10-08:00,,,0.0,,,,,132,27,,
2020-02-12 08:35:12-08:00,,,0.0,,,,,133,27,,
2020-02-12 08:35:13-08:00,,,0.0,,,,,135,27,,
2020-02-12 08:35:16-08:00,,,0.0,,,,,133,27,,
2020-02-12 08:35:17-08:00,,,0.0,,,,,134,27,,
2020-02-12 08:35:19-08:00,,,0.0,,,,,136,27,,
2020-02-12 08:35:21-08:00,,,0.0,,,,,137,27,,
2020-02-12 08:35:22-08:00,,,0.0,,,,,138,27,,
2020-02-12 08:35:23-08:00,,,0.0,,,,,136,27,,
2020-02-12 08:35:24-08:00,,,0.0,,,,,138,27,,
2020-02-12 08:35:25-08:00,,,0.0,,,,,136,27,,
2020-02-12 08:35:26-08:00,,,0.0,,,,,138,27,,
2020-02-12 08:35:27-08:00,,,0.0,,,,,136,27,,
2020-02-12 08:35:28-08:00,,,0.0,,,,,137,27,,
2020-02-12 08:35:29-08:00,,,0.0,,,,,134,27,,
2020-02-12 08:35:31-08:00,,,0.0,,,,,135,27,,
2020-02-12 08:35:33-08:00,,,0.0,,,,,136,27,,
2020-02-12 08:35:34-08:00,,,0.0,,,,,135,27,,
2020-02-12 08:35:35-08:00,,,0.0,,,,,136,27,,
2020-02-12 08:35:36-08:00,,,0.0,,,,,135,27,,
2020-02-12 08:35:38-08:00,,,0.0,,,,,137,27,,
2020-02-12 08:35:39-08:00,,,0.0,,,,,138,27,,
2020-02-12 08:35:40-08:00,,,0.0,,,,,139,27,,
2020-02-12 08:35:41-08:00,,,0.0,,,,,140,27,,
2020-02-12 08:35:42-08:00,,,0.0,,,,,141,27,,
2020-02-12 08:35:44-08:00,,,0.0,,,,,140,27,,
2020-02-12 08:35:46-08:00,,,0.0,,,,,139,27,,
2020-02-12 08:35:49-08:00,,,0.0,,,,,138,27,,
2020-02-12 08:35:51-08:00,,,0.0,,,,,137,27,,
2020-02-12 08:35:57-08:00,,,0.0,,,,,136,27,,
2020-02-12 08:35:58-08:00,,,0.0,,,,,138,27,,
2020-02-12 08:35:59-08:00,,,0.0,,,,,137,27,,
2020-02-12 08:36:00-08:00,,,0.0,,,,,136,27,,
2020-02-12 08:36:01-08:00,,,0.0,,,,,135,27,,
2020-02-12 08:36:04-08:00,,,0.0,,,,,136,27,,
2020-02-12 08:36:07-08:00,,,0.0,,,,,135,27,,
2020-02-12 08:36:09-08:00,,,0.0,,,,,136,27,,
2020-02-12 08:36:10-08:00,,,0.0,,,,,135,27,,
2020-02-12 08:36:12-08:00,,,0.0,,,,,134,27,,
2020-02-12 08:36:13-08:00,,,0.0,,,,,133,27,,
2020-02-12 08:36:14-08:00,,,0.0,,,,,130,27,,
2020-02-12 08:36:15-08:00,,,0.0,,,,,132,27,,
2020-02-12 08:36:16-08:00,,,0.0,,,,,129,27,,
2020-02-12 08:36:17-08:00,,,0.0,,,,,127,27,,
2020-02-12 08:36:18-08:00,,,0.0,,,,,126,27,,
2020-02-12 08:36:21-08:00,,,0.0,,,,,127,27,,
2020-02-12 08:36:23-08:00,,,0.0,,,,,129,27,,
2020-02-12 08:36:24-08:00,,,0.0,,,,,130,27,,
2020-02-12 08:36:26-08:00,,,0.0,,,,,132,27,,
2020-02-12 08:36:28-08:00,,,0.0,,,,,131,27,,
2020-02-12 08:36:29-08:00,,,0.0,,,,,132,27,,
2020-02-12 08:36:32-08:00,,,0.0,,,,,133,27,,
2020-02-12 08:36:33-08:00,,,0.0,,,,,134,27,,
2020-02-12 08:36:34-08:00,,,0.0,,,,,133,27,,
2020-02-12 08:36:35-08:00,,,0.0,,,,,134,27,,
2020-02-12 08:36:36-08:00,,,0.0,,,,,135,27,,
2020-02-12 08:36:39-08:00,,,0.0,,,,,136,27,,
2020-02-12 08:36:42-08:00,,,0.0,,,,,135,27,,
2020-02-12 08:36:43-08:00,,,0.0,,,,,136,27,,
2020-02-12 08:36:45-08:00,,,0.0,,,,,135,27,,
2020-02-12 08:36:46-08:00,,,0.0,,,,,136,27,,
2020-02-12 08:36:47-08:00,,,0.0,,,,,139,27,,
2020-02-12 08:36:48-08:00,,,0.0,,,,,141,27,,
2020-02-12 08:36:49-08:00,,,0.0,,,,,138,27,,
2020-02-12 08:36:52-08:00,,,0.0,,,,,137,27,,
2020-02-12 08:36:55-08:00,,,0.0,,,,,136,27,,
2020-02-12 08:36:57-08:00,,,0.0,,,,,137,27,,
2020-02-12 08:36:58-08:00,,,0.0,,,,,136,27,,
2020-02-12 08:37:00-08:00,,,0.0,,,,,135,27,,
2020-02-12 08:37:01-08:00,,,0.0,,,,,134,27,,
2020-02-12 08:37:02-08:00,,,0.0,,,,,133,27,,
2020-02-12 08:37:04-08:00,,,0.0,,,,,132,27,,
2020-02-12 08:37:06-08:00,,,0.0,,,,,130,27,,
2020-02-12 08:37:07-08:00,,,0.0,,,,,129,27,,
2020-02-12 08:37:11-08:00,,,0.0,,,,,128,27,,
2020-02-12 08:37:16-08:00,,,0.0,,,,,129,27,,
2020-02-12 08:37:17-08:00,,,0.0,,,,,128,27,,
2020-02-12 08:37:19-08:00,,,0.0,,,,,127,27,,
2020-02-12 08:37:20-08:00,,,0.0,,,,,129,27,,
2020-02-12 08:37:22-08:00,,,0.0,,,,,130,27,,
2020-02-12 08:37:23-08:00,,,0.0,,,,,131,27,,
2020-02-12 08:37:24-08:00,,,0.0,,,,,129,27,,
2020-02-12 08:37:26-08:00,,,0.0,,,,,128,27,,
2020-02-12 08:37:27-08:00,,,0.0,,,,,129,27,,
2020-02-12 08:37:29-08:00,,,0.0,,,,,128,27,,
2020-02-12 08:37:31-08:00,,,0.0,,,,,127,27,,
2020-02-12 08:37:32-08:00,,,0.0,,,,,128,27,,
2020-02-12 08:37:33-08:00,,,0.0,,,,,129,27,,
2020-02-12 08:37:34-08:00,,,0.0,,,,,128,27,,
2020-02-12 08:37:37-08:00,,,0.0,,,,,129,27,,
2020-02-12 08:37:40-08:00,,,0.0,,,,,130,27,,
2020-02-12 08:37:41-08:00,,,0.0,,,,,128,27,,
2020-02-12 08:37:43-08:00,,,0.0,,,,,129,27,,
2020-02-12 08:37:44-08:00,,,0.0,,,,,131,27,,
2020-02-12 08:37:46-08:00,,,0.0,,,,,129,27,,
2020-02-12 08:37:47-08:00,,,0.0,,,,,128,27,,
2020-02-12 08:37:48-08:00,,,0.0,,,,,127,27,,
2020-02-12 08:37:49-08:00,,,0.0,,,,,125,27,,
2020-02-12 08:37:50-08:00,,,0.0,,,,,124,27,,
2020-02-12 08:37:51-08:00,,,0.0,,,,,126,27,,
2020-02-12 08:37:52-08:00,,,0.0,,,,,125,27,,
2020-02-12 08:37:53-08:00,,,0.0,,,,,126,27,,
2020-02-12 08:37:55-08:00,,,0.0,,,,,127,27,,
2020-02-12 08:37:57-08:00,,,0.0,,,,,128,27,,
2020-02-12 08:37:58-08:00,,,0.0,,,,,127,27,,
2020-02-12 08:37:59-08:00,,,0.0,,,,,125,27,,
2020-02-12 08:38:00-08:00,,,0.0,,,,,126,27,,
2020-02-12 08:38:03-08:00,,,0.0,,,,,128,27,,
2020-02-12 08:38:04-08:00,,,0.0,,,,,126,27,,
2020-02-12 08:38:05-08:00,,,0.0,,,,,125,27,,
2020-02-12 08:38:06-08:00,,,0.0,,,,,124,27,,
2020-02-12 08:38:07-08:00,,,0.0,,,,,125,27,,
2020-02-12 08:38:09-08:00,,,0.0,,,,,126,27,,
2020-02-12 08:38:10-08:00,,,0.0,,,,,125,27,,
2020-02-12 08:38:13-08:00,,,0.0,,,,,126,27,,
2020-02-12 08:38:14-08:00,,,0.0,,,,,129,27,,
2020-02-12 08:38:15-08:00,,,0.0,,,,,130,27,,
2020-02-12 08:38:16-08:00,,,0.0,,,,,132,27,,
2020-02-12 08:38:17-08:00,,,0.0,,,,,131,27,,
2020-02-12 08:38:18-08:00,,,0.0,,,,,130,27,,
2020-02-12 08:38:19-08:00,,,0.0,,,,,131,27,,
2020-02-12 08:38:21-08:00,,,0.0,,,,,130,27,,
2020-02-12 08:38:22-08:00,,,0.0,,,,,128,27,,
2020-02-12 08:38:23-08:00,,,0.0,,,,,129,27,,
2020-02-12 08:38:25-08:00,,,0.0,,,,,128,27,,
2020-02-12 08:38:26-08:00,,,0.0,,,,,129,27,,
2020-02-12 08:38:28-08:00,,,0.0,,,,,128,27,,
2020-02-12 08:38:30-08:00,,,0.0,,,,,129,27,,
2020-02-12 08:38:32-08:00,,,0.0,,,,,130,27,,
2020-02-12 08:38:33-08:00,,,0.0,,,,,129,27,,
2020-02-12 08:38:37-08:00,,,0.0,,,,,130,27,,
2020-02-12 08:38:38-08:00,,,0.0,,,,,129,27,,
2020-02-12 08:38:39-08:00,,,0.0,,,,,130,27,,
2020-02-12 08:38:41-08:00,,,0.0,,,,,129,27,,
2020-02-12 08:38:42-08:00,,,0.0,,,,,130,27,,
2020-02-12 08:38:43-08:00,,,0.0,,,,,129,27,,
2020-02-12 08:38:45-08:00,,,0.0,,,,,128,27,,
2020-02-12 08:38:46-08:00,,,0.0,,,,,129,27,,
2020-02-12 08:38:47-08:00,,,0.0,,,,,127,27,,
2020-02-12 08:38:48-08:00,,,0.0,,,,,128,27,,
2020-02-12 08:38:49-08:00,,,0.0,,,,,125,27,,
2020-02-12 08:38:50-08:00,,,0.0,,,,,127,27,,
2020-02-12 08:38:51-08:00,,,0.0,,,,,126,27,,
2020-02-12 08:38:52-08:00,,,0.0,,,,,127,27,,
2020-02-12 08:38:55-08:00,,,0.0,,,,,128,27,,
2020-02-12 08:38:56-08:00,,,0.0,,,,,127,27,,
2020-02-12 08:38:59-08:00,,,0.0,,,,,129,27,,
2020-02-12 08:39:00-08:00,,,0.0,,,,,128,27,,
2020-02-12 08:39:01-08:00,,,0.0,,,,,125,27,,
2020-02-12 08:39:02-08:00,,,0.0,,,,,124,27,,
2020-02-12 08:39:04-08:00,,,0.0,,,,,123,27,,
2020-02-12 08:39:05-08:00,,,0.0,,,,,122,27,,
2020-02-12 08:39:07-08:00,,,0.0,,,,,120,27,,
2020-02-12 08:39:10-08:00,,,0.0,,,,,118,27,,
2020-02-12 08:39:11-08:00,,,0.0,,,,,119,27,,
2020-02-12 08:39:12-08:00,,,0.0,,,,,118,27,,
2020-02-12 08:39:14-08:00,,,0.0,,,,,119,27,,
2020-02-12 08:39:17-08:00,,,0.0,,,,,118,27,,
2020-02-12 08:39:18-08:00,,,0.0,,,,,121,27,,
2020-02-12 08:39:20-08:00,,,0.0,,,,,119,27,,
2020-02-12 08:39:21-08:00,,,0.0,,,,,120,27,,
2020-02-12 08:39:22-08:00,,,0.0,,,,,119,27,,
2020-02-12 08:39:23-08:00,,,0.0,,,,,121,27,,
2020-02-12 08:39:25-08:00,,,0.0,,,,,120,27,,
2020-02-12 08:39:30-08:00,,,0.0,,,,,119,27,,
2020-02-12 08:39:31-08:00,,,0.0,,,,,120,27,,
2020-02-12 08:39:32-08:00,,,0.0,,,,,119,27,,
2020-02-12 08:39:33-08:00,,,0.0,,,,,124,27,,
2020-02-12 08:39:34-08:00,,,0.0,,,,,125,27,,
2020-02-12 08:39:35-08:00,,,0.0,,,,,126,27,,
2020-02-12 08:39:36-08:00,,,0.0,,,,,128,27,,
2020-02-12 08:39:37-08:00,,,0.0,,,,,136,27,,
2020-02-12 08:39:38-08:00,,,0.0,,,,,137,27,,
2020-02-12 08:39:43-08:00,,,0.0,,,,,136,27,,
2020-02-12 08:39:48-08:00,,,0.0,,,,,135,27,,
2020-02-12 08:39:49-08:00,,,0.0,,,,,134,27,,
2020-02-12 08:39:51-08:00,,,0.0,,,,,133,27,,
2020-02-12 08:39:53-08:00,,,0.0,,,,,132,27,,
2020-02-12 08:39:55-08:00,,,0.0,,,,,131,27,,
2020-02-12 08:39:58-08:00,,,0.0,,,,,130,27,,
2020-02-12 08:39:59-08:00,,,0.0,,,,,128,27,,
2020-02-12 08:40:00-08:00,,,0.0,,,,,127,27,,
2020-02-12 08:40:02-08:00,,,0.0,,,,,126,27,,
2020-02-12 08:40:04-08:00,,,0.0,,,,,123,27,,
2020-02-12 08:40:06-08:00,,,0.0,,,,,122,27,,
2020-02-12 08:40:07-08:00,,,0.0,,,,,121,27,,
2020-02-12 08:40:17-08:00,,,0.0,,,,,120,27,,
2020-02-12 08:40:19-08:00,,,0.0,,,,,119,27,,
2020-02-12 08:40:25-08:00,,,0.0,,,,,118,27,,
2020-02-12 08:40:32-08:00,,,0.0,,,,,119,27,,
2020-02-12 08:40:38-08:00,,,0.0,,,,,120,27,,
2020-02-12 08:40:41-08:00,,,0.0,,,,,121,27,,
2020-02-12 08:40:44-08:00,,,0.0,,,,,120,27,,
2020-02-12 08:40:45-08:00,,,0.0,,,,,121,27,,
2020-02-12 08:40:47-08:00,,,0.0,,,,,122,27,,
2020-02-12 08:40:51-08:00,,,0.0,,,,,121,27,,
2020-02-12 08:40:54-08:00,,,0.0,,,,,120,27,,
2020-02-12 08:40:55-08:00,,,0.0,,,,,122,27,,
2020-02-12 08:40:56-08:00,,,0.0,,,,,123,27,,
2020-02-12 08:40:57-08:00,,,0.0,,,,,124,27,,
2020-02-12 08:40:58-08:00,,,0.0,,,,,125,27,,
2020-02-12 08:41:00-08:00,,,0.0,,,,,126,27,,
2020-02-12 08:41:01-08:00,,,0.0,,,,,124,27,,
2020-02-12 08:41:02-08:00,,,0.0,,,,,122,27,,
2020-02-12 08:41:03-08:00,,,0.0,,,,,123,27,,
2020-02-12 08:41:06-08:00,,,0.0,,,,,122,27,,
2020-02-12 08:41:08-08:00,,,0.0,,,,,123,27,,
2020-02-12 08:41:11-08:00,,,0.0,,,,,122,27,,
2020-02-12 08:41:12-08:00,,,0.0,,,,,121,27,,
2020-02-12 08:41:14-08:00,,,0.0,,,,,120,27,,
2020-02-12 08:41:16-08:00,,,0.0,,,,,119,27,,
2020-02-12 08:41:17-08:00,,,0.0,,,,,117,27,,
2020-02-12 08:41:19-08:00,,,0.0,,,,,116,27,,
2020-02-12 08:41:20-08:00,,,0.0,,,,,117,27,,
2020-02-12 08:41:21-08:00,,,0.0,,,,,118,27,,
2020-02-12 08:41:26-08:00,,,0.0,,,,,117,27,,
2020-02-12 08:41:27-08:00,,,0.0,,,,,118,27,,
2020-02-12 08:41:28-08:00,,,0.0,,,,,117,27,,
2020-02-12 08:41:30-08:00,,,0.0,,,,,116,27,,
2020-02-12 08:41:31-08:00,,,0.0,,,,,118,27,,
2020-02-12 08:41:32-08:00,,,0.0,,,,,120,27,,
2020-02-12 08:41:33-08:00,,,0.0,,,,,121,27,,
2020-02-12 08:41:34-08:00,,,0.0,,,,,122,27,,
2020-02-12 08:41:35-08:00,,,0.0,,,,,123,27,,
2020-02-12 08:41:37-08:00,,,0.0,,,,,124,27,,
2020-02-12 08:41:38-08:00,,,0.0,,,,,122,27,,
2020-02-12 08:41:40-08:00,,,0.0,,,,,123,27,,
2020-02-12 08:41:43-08:00,,,0.0,,,,,125,27,,
2020-02-12 08:41:44-08:00,,,0.0,,,,,123,27,,
2020-02-12 08:41:45-08:00,,,0.0,,,,,124,27,,
2020-02-12 08:41:47-08:00,,,0.0,,,,,125,27,,
2020-02-12 08:41:48-08:00,,,0.0,,,,,126,27,,
2020-02-12 08:41:50-08:00,,,0.0,,,,,127,27,,
2020-02-12 08:41:52-08:00,,,0.0,,,,,125,27,,
2020-02-12 08:41:53-08:00,,,0.0,,,,,128,27,,
2020-02-12 08:41:54-08:00,,,0.0,,,,,126,27,,
2020-02-12 08:41:55-08:00,,,0.0,,,,,128,27,,
2020-02-12 08:41:56-08:00,,,0.0,,,,,127,27,,
2020-02-12 08:41:57-08:00,,,0.0,,,,,126,27,,
2020-02-12 08:41:58-08:00,,,0.0,,,,,127,27,,
2020-02-12 08:41:59-08:00,,,0.0,,,,,126,27,,
2020-02-12 08:42:00-08:00,,,0.0,,,,,125,27,,
2020-02-12 08:42:02-08:00,,,0.0,,,,,126,27,,
2020-02-12 08:42:06-08:00,,,0.0,,,,,124,27,,
2020-02-12 08:42:07-08:00,,,0.0,,,,,127,27,,
2020-02-12 08:42:08-08:00,,,0.0,,,,,125,27,,
2020-02-12 08:42:09-08:00,,,0.0,,,,,123,27,,
2020-02-12 08:42:10-08:00,,,0.0,,,,,122,27,,
2020-02-12 08:42:11-08:00,,,0.0,,,,,124,27,,
2020-02-12 08:42:12-08:00,,,0.0,,,,,125,27,,
2020-02-12 08:42:16-08:00,,,0.0,,,,,126,27,,
2020-02-12 08:42:17-08:00,,,0.0,,,,,125,27,,
2020-02-12 08:42:20-08:00,,,0.0,,,,,124,27,,
2020-02-12 08:42:21-08:00,,,0.0,,,,,127,27,,
2020-02-12 08:42:22-08:00,,,0.0,,,,,125,27,,
2020-02-12 08:42:23-08:00,,,0.0,,,,,126,27,,
2020-02-12 08:42:26-08:00,,,0.0,,,,,125,27,,
2020-02-12 08:42:28-08:00,,,0.0,,,,,126,27,,
2020-02-12 08:42:30-08:00,,,0.0,,,,,125,27,,
2020-02-12 08:42:31-08:00,,,0.0,,,,,126,27,,
2020-02-12 08:42:37-08:00,,,0.0,,,,,125,27,,
2020-02-12 08:42:40-08:00,,,0.0,,,,,124,27,,
2020-02-12 08:42:41-08:00,,,0.0,,,,,125,27,,
2020-02-12 08:42:42-08:00,,,0.0,,,,,126,27,,
2020-02-12 08:42:43-08:00,,,0.0,,,,,125,27,,
2020-02-12 08:42:46-08:00,,,0.0,,,,,124,27,,
2020-02-12 08:42:47-08:00,,,0.0,,,,,123,27,,
2020-02-12 08:42:50-08:00,,,0.0,,,,,124,27,,
2020-02-12 08:42:52-08:00,,,0.0,,,,,126,27,,
2020-02-12 08:42:53-08:00,,,0.0,,,,,128,27,,
2020-02-12 08:42:59-08:00,,,0.0,,,,,127,27,,
2020-02-12 08:43:03-08:00,,,0.0,,,,,126,27,,
2020-02-12 08:43:04-08:00,,,0.0,,,,,125,27,,
2020-02-12 08:43:05-08:00,,,0.0,,,,,124,27,,
2020-02-12 08:43:07-08:00,,,0.0,,,,,126,27,,
2020-02-12 08:43:09-08:00,,,0.0,,,,,125,27,,
2020-02-12 08:43:10-08:00,,,0.0,,,,,126,27,,
2020-02-12 08:43:11-08:00,,,0.0,,,,,127,27,,
2020-02-12 08:43:12-08:00,,,0.0,,,,,128,27,,
2020-02-12 08:43:15-08:00,,,0.0,,,,,129,27,,
2020-02-12 08:43:16-08:00,,,0.0,,,,,130,27,,
2020-02-12 08:43:17-08:00,,,0.0,,,,,129,27,,
2020-02-12 08:43:19-08:00,,,0.0,,,,,130,27,,
2020-02-12 08:43:20-08:00,,,0.0,,,,,131,27,,
2020-02-12 08:43:21-08:00,,,0.0,,,,,132,27,,
2020-02-12 08:43:22-08:00,,,0.0,,,,,131,27,,
2020-02-12 08:43:23-08:00,,,0.0,,,,,132,27,,
2020-02-12 08:43:26-08:00,,,0.0,,,,,131,27,,
2020-02-12 08:43:27-08:00,,,0.0,,,,,132,27,,
2020-02-12 08:43:28-08:00,,,0.0,,,,,131,27,,
2020-02-12 08:43:29-08:00,,,0.0,,,,,132,27,,
2020-02-12 08:43:30-08:00,,,0.0,,,,,131,27,,
2020-02-12 08:43:32-08:00,,,0.0,,,,,133,27,,
2020-02-12 08:43:33-08:00,,,0.0,,,,,132,27,,
2020-02-12 08:43:37-08:00,,,0.0,,,,,133,27,,
2020-02-12 08:43:38-08:00,,,0.0,,,,,132,27,,
2020-02-12 08:43:39-08:00,,,0.0,,,,,133,27,,
2020-02-12 08:43:40-08:00,,,0.0,,,,,134,27,,
2020-02-12 08:43:41-08:00,,,0.0,,,,,131,27,,
2020-02-12 08:43:42-08:00,,,0.0,,,,,132,27,,
2020-02-12 08:43:43-08:00,,,0.0,,,,,131,27,,
2020-02-12 08:43:44-08:00,,,0.0,,,,,129,27,,
2020-02-12 08:43:45-08:00,,,0.0,,,,,128,27,,
2020-02-12 08:43:46-08:00,,,0.0,,,,,130,27,,
2020-02-12 08:43:49-08:00,,,0.0,,,,,129,27,,
2020-02-12 08:43:50-08:00,,,0.0,,,,,128,27,,
2020-02-12 08:43:51-08:00,,,0.0,,,,,129,27,,
2020-02-12 08:43:53-08:00,,,0.0,,,,,128,27,,
2020-02-12 08:43:55-08:00,,,0.0,,,,,131,27,,
2020-02-12 08:43:56-08:00,,,0.0,,,,,133,27,,
2020-02-12 08:43:57-08:00,,,0.0,,,,,138,27,,
2020-02-12 08:43:58-08:00,,,0.0,,,,,140,27,,
2020-02-12 08:43:59-08:00,,,0.0,,,,,142,27,,
2020-02-12 08:44:00-08:00,,,0.0,,,,,143,27,,
2020-02-12 08:44:05-08:00,,,0.0,,,,,144,27,,
2020-02-12 08:44:06-08:00,,,0.0,,,,,142,27,,
2020-02-12 08:44:07-08:00,,,0.0,,,,,143,27,,
2020-02-12 08:44:09-08:00,,,0.0,,,,,144,27,,
2020-02-12 08:44:10-08:00,,,0.0,,,,,142,27,,
2020-02-12 08:44:11-08:00,,,0.0,,,,,143,27,,
2020-02-12 08:44:12-08:00,,,0.0,,,,,141,27,,
2020-02-12 08:44:13-08:00,,,0.0,,,,,142,27,,
2020-02-12 08:44:15-08:00,,,0.0,,,,,141,27,,
2020-02-12 08:44:16-08:00,,,0.0,,,,,140,27,,
2020-02-12 08:44:17-08:00,,,0.0,,,,,139,27,,
2020-02-12 08:44:18-08:00,,,0.0,,,,,137,27,,
2020-02-12 08:44:20-08:00,,,0.0,,,,,136,27,,
2020-02-12 08:44:25-08:00,,,0.0,,,,,135,27,,
2020-02-12 08:44:26-08:00,,,0.0,,,,,136,27,,
2020-02-12 08:44:28-08:00,,,0.0,,,,,135,27,,
2020-02-12 08:44:29-08:00,,,0.0,,,,,134,27,,
2020-02-12 08:44:31-08:00,,,0.0,,,,,133,27,,
2020-02-12 08:44:32-08:00,,,0.0,,,,,132,27,,
2020-02-12 08:44:33-08:00,,,0.0,,,,,134,27,,
2020-02-12 08:44:35-08:00,,,0.0,,,,,133,27,,
2020-02-12 08:44:37-08:00,,,0.0,,,,,132,27,,
2020-02-12 08:44:38-08:00,,,0.0,,,,,133,27,,
2020-02-12 08:44:39-08:00,,,0.0,,,,,131,27,,
2020-02-12 08:44:40-08:00,,,0.0,,,,,130,27,,
2020-02-12 08:44:41-08:00,,,0.0,,,,,131,27,,
2020-02-12 08:44:43-08:00,,,0.0,,,,,130,27,,
2020-02-12 08:44:44-08:00,,,0.0,,,,,129,27,,
2020-02-12 08:44:50-08:00,,,0.0,,,,,128,27,,
2020-02-12 08:44:52-08:00,,,0.0,,,,,126,27,,
2020-02-12 08:44:53-08:00,,,0.0,,,,,125,27,,
2020-02-12 08:44:54-08:00,,,0.0,,,,,123,27,,
2020-02-12 08:44:55-08:00,,,0.0,,,,,124,27,,
2020-02-12 08:44:56-08:00,,,0.0,,,,,121,27,,
2020-02-12 08:44:59-08:00,,,0.0,,,,,120,27,,
2020-02-12 08:45:01-08:00,,,0.0,,,,,118,27,,
2020-02-12 08:45:02-08:00,,,0.0,,,,,121,27,,
2020-02-12 08:45:03-08:00,,,0.0,,,,,124,27,,
2020-02-12 08:45:04-08:00,,,0.0,,,,,125,27,,
2020-02-12 08:45:05-08:00,,,0.0,,,,,126,27,,
2020-02-12 08:45:06-08:00,,,0.0,,,,,125,27,,
2020-02-12 08:45:07-08:00,,,0.0,,,,,126,27,,
2020-02-12 08:45:09-08:00,,,0.0,,,,,127,27,,
2020-02-12 08:45:10-08:00,,,0.0,,,,,126,27,,
2020-02-12 08:45:11-08:00,,,0.0,,,,,127,27,,
2020-02-12 08:45:12-08:00,,,0.0,,,,,128,27,,
2020-02-12 08:45:13-08:00,,,0.0,,,,,127,27,,
2020-02-12 08:45:15-08:00,,,0.0,,,,,128,27,,
2020-02-12 08:45:16-08:00,,,0.0,,,,,130,27,,
2020-02-12 08:45:17-08:00,,,0.0,,,,,131,27,,
2020-02-12 08:45:19-08:00,,,0.0,,,,,132,27,,
2020-02-12 08:45:20-08:00,,,0.0,,,,,131,27,,
2020-02-12 08:45:24-08:00,,,0.0,,,,,130,27,,
2020-02-12 08:45:25-08:00,,,0.0,,,,,132,27,,
2020-02-12 08:45:26-08:00,,,0.0,,,,,131,27,,
2020-02-12 08:45:27-08:00,,,0.0,,,,,134,27,,
2020-02-12 08:45:28-08:00,,,0.0,,,,,135,27,,
2020-02-12 08:45:29-08:00,,,0.0,,,,,137,27,,
2020-02-12 08:45:30-08:00,,,0.0,,,,,138,27,,
2020-02-12 08:45:37-08:00,,,0.0,,,,,137,27,,
2020-02-12 08:45:44-08:00,,,0.0,,,,,138,27,,
2020-02-12 08:45:46-08:00,,,0.0,,,,,136,27,,
2020-02-12 08:45:47-08:00,,,0.0,,,,,135,27,,
2020-02-12 08:45:50-08:00,,,0.0,,,,,134,27,,
2020-02-12 08:45:51-08:00,,,0.0,,,,,133,27,,
2020-02-12 08:45:54-08:00,,,0.0,,,,,132,27,,
2020-02-12 08:45:58-08:00,,,0.0,,,,,131,27,,
2020-02-12 08:46:06-08:00,,,0.0,,,,,130,27,,
2020-02-12 08:46:09-08:00,,,0.0,,,,,129,27,,
2020-02-12 08:46:12-08:00,,,0.0,,,,,128,27,,
2020-02-12 08:46:15-08:00,,,0.0,,,,,127,27,,
2020-02-12 08:46:21-08:00,,,0.0,,,,,126,27,,
2020-02-12 08:46:28-08:00,,,0.0,,,,,127,27,,
2020-02-12 08:46:29-08:00,,,0.0,,,,,125,27,,
2020-02-12 08:46:30-08:00,,,0.0,,,,,124,27,,
2020-02-12 08:46:31-08:00,,,0.0,,,,,120,27,,
2020-02-12 08:46:32-08:00,,,0.0,,,,,125,27,,
2020-02-12 08:46:33-08:00,,,0.0,,,,,128,27,,
2020-02-12 08:46:34-08:00,,,0.0,,,,,128,27,,
2020-02-12 08:46:35-08:00,,,0.0,,,,,129,27,,
2020-02-12 08:46:36-08:00,,,0.0,,,,,127,27,,
2020-02-12 08:46:37-08:00,,,0.0,,,,,126,27,,
2020-02-12 08:46:38-08:00,,,0.0,,,,,127,27,,
2020-02-12 08:46:39-08:00,,,0.0,,,,,125,27,,
2020-02-12 08:46:40-08:00,,,0.0,,,,,127,27,,
2020-02-12 08:46:42-08:00,,,0.0,,,,,125,27,,
2020-02-12 08:46:43-08:00,,,0.0,,,,,124,27,,
2020-02-12 08:46:47-08:00,,,0.0,,,,,122,27,,
2020-02-12 08:46:50-08:00,,,0.0,,,,,123,27,,
2020-02-12 08:46:51-08:00,,,0.0,,,,,122,27,,
2020-02-12 08:46:52-08:00,,,0.0,,,,,121,27,,
2020-02-12 08:46:53-08:00,,,0.0,,,,,118,27,,
2020-02-12 08:46:54-08:00,,,0.0,,,,,117,27,,
2020-02-12 08:46:55-08:00,,,0.0,,,,,118,27,,
2020-02-12 08:46:56-08:00,,,0.0,,,,,116,27,,
2020-02-12 08:46:57-08:00,,,0.0,,,,,113,27,,
2020-02-12 08:46:58-08:00,,,0.0,,,,,112,27,,
2020-02-12 08:47:00-08:00,,,0.0,,,,,111,27,,
2020-02-12 08:47:01-08:00,,,0.0,,,,,110,27,,
2020-02-12 08:47:02-08:00,,,0.0,,,,,111,27,,
2020-02-12 08:47:03-08:00,,,0.0,,,,,112,27,,
2020-02-12 08:47:04-08:00,,,0.0,,,,,109,27,,
2020-02-12 08:47:05-08:00,,,0.0,,,,,111,27,,
2020-02-12 08:47:06-08:00,,,0.0,,,,,110,27,,
2020-02-12 08:47:07-08:00,,,0.0,,,,,111,27,,
2020-02-12 08:47:09-08:00,,,0.0,,,,,112,27,,
2020-02-12 08:47:10-08:00,,,0.0,,,,,111,27,,
2020-02-12 08:47:12-08:00,,,0.0,,,,,109,27,,
2020-02-12 08:47:13-08:00,,,0.0,,,,,110,27,,
2020-02-12 08:47:14-08:00,,,0.0,,,,,109,27,,
2020-02-12 08:47:19-08:00,,,0.0,,,,,108,27,,
2020-02-12 08:47:23-08:00,,,0.0,,,,,106,27,,
2020-02-12 08:47:24-08:00,,,0.0,,,,,107,27,,
2020-02-12 08:47:28-08:00,,,0.0,,,,,108,27,,
2020-02-12 08:47:29-08:00,,,0.0,,,,,105,27,,
2020-02-12 08:47:30-08:00,,,0.0,,,,,112,27,,
2020-02-12 08:47:31-08:00,,,0.0,,,,,116,27,,
2020-02-12 08:47:32-08:00,,,0.0,,,,,120,27,,
2020-02-12 08:47:33-08:00,,,0.0,,,,,119,27,,
2020-02-12 08:47:34-08:00,,,0.0,,,,,123,27,,
2020-02-12 08:47:35-08:00,,,0.0,,,,,126,27,,
2020-02-12 08:47:36-08:00,,,0.0,,,,,128,27,,
2020-02-12 08:47:37-08:00,,,0.0,,,,,130,27,,
2020-02-12 08:47:38-08:00,,,0.0,,,,,131,27,,
2020-02-12 08:47:40-08:00,,,0.0,,,,,134,27,,
2020-02-12 08:47:41-08:00,,,0.0,,,,,133,27,,
2020-02-12 08:47:42-08:00,,,0.0,,,,,136,27,,
2020-02-12 08:47:43-08:00,,,0.0,,,,,138,27,,
2020-02-12 08:47:44-08:00,,,0.0,,,,,141,27,,
2020-02-12 08:47:45-08:00,,,0.0,,,,,141,27,,
2020-02-12 08:47:47-08:00,,,0.0,,,,,142,27,,
2020-02-12 08:47:48-08:00,,,0.0,,,,,143,27,,
2020-02-12 08:47:49-08:00,,,0.0,,,,,142,27,,
2020-02-12 08:47:50-08:00,,,0.0,,,,,144,27,,
2020-02-12 08:47:51-08:00,,,0.0,,,,,143,27,,
2020-02-12 08:47:52-08:00,,,0.0,,,,,142,27,,
2020-02-12 08:47:54-08:00,,,0.0,,,,,140,27,,
2020-02-12 08:47:55-08:00,,,0.0,,,,,141,27,,
2020-02-12 08:47:57-08:00,,,0.0,,,,,142,27,,
2020-02-12 08:47:59-08:00,,,0.0,,,,,144,27,,
2020-02-12 08:48:00-08:00,,,0.0,,,,,146,27,,
2020-02-12 08:48:01-08:00,,,0.0,,,,,145,27,,
2020-02-12 08:48:02-08:00,,,0.0,,,,,146,27,,
2020-02-12 08:48:06-08:00,,,0.0,,,,,145,27,,
2020-02-12 08:48:10-08:00,,,0.0,,,,,144,27,,
2020-02-12 08:48:12-08:00,,,0.0,,,,,145,27,,
2020-02-12 08:48:13-08:00,,,0.0,,,,,144,27,,
2020-02-12 08:48:14-08:00,,,0.0,,,,,142,27,,
2020-02-12 08:48:15-08:00,,,0.0,,,,,144,27,,
2020-02-12 08:48:16-08:00,,,0.0,,,,,142,27,,
2020-02-12 08:48:17-08:00,,,0.0,,,,,139,27,,
2020-02-12 08:48:18-08:00,,,0.0,,,,,137,27,,
2020-02-12 08:48:19-08:00,,,0.0,,,,,134,27,,
2020-02-12 08:48:20-08:00,,,0.0,,,,,133,27,,
2020-02-12 08:48:28-08:00,,,0.0,,,,,132,27,,
2020-02-12 08:48:29-08:00,,,0.0,,,,,134,27,,
2020-02-12 08:48:30-08:00,,,0.0,,,,,133,27,,
2020-02-12 08:48:32-08:00,,,0.0,,,,,131,27,,
2020-02-12 08:48:33-08:00,,,0.0,,,,,133,27,,
2020-02-12 08:48:34-08:00,,,0.0,,,,,132,27,,
2020-02-12 08:48:35-08:00,,,0.0,,,,,131,27,,
2020-02-12 08:48:36-08:00,,,0.0,,,,,132,27,,
2020-02-12 08:48:38-08:00,,,0.0,,,,,131,27,,
2020-02-12 08:48:40-08:00,,,0.0,,,,,130,27,,
2020-02-12 08:48:41-08:00,,,0.0,,,,,129,27,,
2020-02-12 08:48:42-08:00,,,0.0,,,,,131,27,,
2020-02-12 08:48:43-08:00,,,0.0,,,,,132,27,,
2020-02-12 08:48:45-08:00,,,0.0,,,,,131,27,,
2020-02-12 08:48:46-08:00,,,0.0,,,,,132,27,,
2020-02-12 08:48:47-08:00,,,0.0,,,,,131,27,,
2020-02-12 08:48:48-08:00,,,0.0,,,,,132,27,,
2020-02-12 08:48:50-08:00,,,0.0,,,,,130,27,,
2020-02-12 08:48:51-08:00,,,0.0,,,,,131,27,,
2020-02-12 08:48:52-08:00,,,0.0,,,,,130,27,,
2020-02-12 08:48:53-08:00,,,0.0,,,,,131,27,,
2020-02-12 08:48:55-08:00,,,0.0,,,,,128,27,,
2020-02-12 08:48:56-08:00,,,0.0,,,,,131,27,,
2020-02-12 08:48:58-08:00,,,0.0,,,,,132,27,,
2020-02-12 08:48:59-08:00,,,0.0,,,,,131,27,,
2020-02-12 08:49:00-08:00,,,0.0,,,,,132,27,,
2020-02-12 08:49:02-08:00,,,0.0,,,,,133,27,,
2020-02-12 08:49:03-08:00,,,0.0,,,,,132,27,,
2020-02-12 08:49:04-08:00,,,0.0,,,,,130,27,,
2020-02-12 08:49:06-08:00,,,0.0,,,,,129,27,,
2020-02-12 08:49:08-08:00,,,0.0,,,,,127,27,,
2020-02-12 08:49:09-08:00,,,0.0,,,,,130,27,,
2020-02-12 08:49:11-08:00,,,0.0,,,,,131,27,,
2020-02-12 08:49:12-08:00,,,0.0,,,,,129,27,,
2020-02-12 08:49:13-08:00,,,0.0,,,,,131,27,,
2020-02-12 08:49:15-08:00,,,0.0,,,,,130,27,,
2020-02-12 08:49:16-08:00,,,0.0,,,,,129,27,,
2020-02-12 08:49:21-08:00,,,0.0,,,,,128,27,,
2020-02-12 08:49:22-08:00,,,0.0,,,,,127,27,,
2020-02-12 08:49:23-08:00,,,0.0,,,,,129,27,,
2020-02-12 08:49:25-08:00,,,0.0,,,,,130,27,,
2020-02-12 08:49:26-08:00,,,0.0,,,,,131,27,,
2020-02-12 08:49:27-08:00,,,0.0,,,,,132,27,,
2020-02-12 08:49:28-08:00,,,0.0,,,,,133,27,,
2020-02-12 08:49:29-08:00,,,0.0,,,,,134,27,,
2020-02-12 08:49:32-08:00,,,0.0,,,,,133,27,,
2020-02-12 08:49:34-08:00,,,0.0,,,,,135,27,,
2020-02-12 08:49:35-08:00,,,0.0,,,,,133,27,,
2020-02-12 08:49:37-08:00,,,0.0,,,,,135,27,,
2020-02-12 08:49:39-08:00,,,0.0,,,,,136,27,,
2020-02-12 08:49:41-08:00,,,0.0,,,,,137,27,,
2020-02-12 08:49:43-08:00,,,0.0,,,,,135,27,,
2020-02-12 08:49:44-08:00,,,0.0,,,,,136,27,,
2020-02-12 08:49:45-08:00,,,0.0,,,,,137,27,,
2020-02-12 08:49:48-08:00,,,0.0,,,,,136,27,,
2020-02-12 08:49:51-08:00,,,0.0,,,,,135,27,,
2020-02-12 08:49:52-08:00,,,0.0,,,,,136,27,,
2020-02-12 08:49:53-08:00,,,0.0,,,,,135,27,,
2020-02-12 08:49:54-08:00,,,0.0,,,,,136,27,,
2020-02-12 08:49:55-08:00,,,0.0,,,,,135,27,,
2020-02-12 08:49:56-08:00,,,0.0,,,,,136,27,,
2020-02-12 08:49:58-08:00,,,0.0,,,,,135,27,,
2020-02-12 08:50:02-08:00,,,0.0,,,,,134,27,,
2020-02-12 08:50:05-08:00,,,0.0,,,,,135,27,,
2020-02-12 08:50:06-08:00,,,0.0,,,,,134,27,,
2020-02-12 08:50:07-08:00,,,0.0,,,,,136,27,,
2020-02-12 08:50:08-08:00,,,0.0,,,,,135,27,,
2020-02-12 08:50:09-08:00,,,0.0,,,,,134,27,,
2020-02-12 08:50:10-08:00,,,0.0,,,,,135,27,,
2020-02-12 08:50:12-08:00,,,0.0,,,,,134,27,,
2020-02-12 08:50:13-08:00,,,0.0,,,,,133,27,,
2020-02-12 08:50:15-08:00,,,0.0,,,,,132,27,,
2020-02-12 08:50:18-08:00,,,0.0,,,,,133,27,,
2020-02-12 08:50:19-08:00,,,0.0,,,,,136,27,,
2020-02-12 08:50:20-08:00,,,0.0,,,,,137,27,,
2020-02-12 08:50:22-08:00,,,0.0,,,,,136,27,,
2020-02-12 08:50:23-08:00,,,0.0,,,,,135,27,,
2020-02-12 08:50:24-08:00,,,0.0,,,,,136,27,,
2020-02-12 08:50:26-08:00,,,0.0,,,,,135,27,,
2020-02-12 08:50:27-08:00,,,0.0,,,,,137,27,,
2020-02-12 08:50:28-08:00,,,0.0,,,,,140,27,,
2020-02-12 08:50:29-08:00,,,0.0,,,,,140,27,,
2020-02-12 08:50:30-08:00,,,0.0,,,,,144,27,,
2020-02-12 08:50:31-08:00,,,0.0,,,,,146,27,,
2020-02-12 08:50:33-08:00,,,0.0,,,,,147,27,,
2020-02-12 08:50:36-08:00,,,0.0,,,,,146,27,,
2020-02-12 08:50:44-08:00,,,0.0,,,,,145,27,,
2020-02-12 08:50:49-08:00,,,0.0,,,,,144,27,,
2020-02-12 08:50:55-08:00,,,0.0,,,,,143,27,,
2020-02-12 08:51:00-08:00,,,0.0,,,,,144,27,,
2020-02-12 08:51:05-08:00,,,0.0,,,,,145,27,,
2020-02-12 08:51:06-08:00,,,0.0,,,,,146,27,,
2020-02-12 08:51:07-08:00,,,0.0,,,,,144,27,,
2020-02-12 08:51:10-08:00,,,0.0,,,,,143,27,,
2020-02-12 08:51:11-08:00,,,0.0,,,,,142,27,,
2020-02-12 08:51:12-08:00,,,0.0,,,,,144,27,,
2020-02-12 08:51:14-08:00,,,0.0,,,,,143,27,,
2020-02-12 08:51:15-08:00,,,0.0,,,,,146,27,,
2020-02-12 08:51:16-08:00,,,0.0,,,,,144,27,,
2020-02-12 08:51:20-08:00,,,0.0,,,,,143,27,,
2020-02-12 08:51:22-08:00,,,0.0,,,,,142,27,,
2020-02-12 08:51:23-08:00,,,0.0,,,,,141,27,,
2020-02-12 08:51:25-08:00,,,0.0,,,,,140,27,,
2020-02-12 08:51:26-08:00,,,0.0,,,,,139,27,,
2020-02-12 08:51:28-08:00,,,0.0,,,,,138,27,,
2020-02-12 08:51:30-08:00,,,0.0,,,,,137,27,,
2020-02-12 08:51:31-08:00,,,0.0,,,,,136,27,,
2020-02-12 08:51:36-08:00,,,0.0,,,,,135,27,,
2020-02-12 08:51:39-08:00,,,0.0,,,,,134,27,,
2020-02-12 08:51:45-08:00,,,0.0,,,,,133,27,,
2020-02-12 08:51:49-08:00,,,0.0,,,,,134,27,,
2020-02-12 08:51:51-08:00,,,0.0,,,,,133,27,,
2020-02-12 08:52:08-08:00,,,0.0,,,,,135,27,,
2020-02-12 08:52:09-08:00,,,0.0,,,,,134,27,,
2020-02-12 08:52:10-08:00,,,0.0,,,,,135,27,,
2020-02-12 08:52:12-08:00,,,0.0,,,,,134,27,,
2020-02-12 08:52:13-08:00,,,0.0,,,,,133,27,,
2020-02-12 08:52:15-08:00,,,0.0,,,,,131,27,,
2020-02-12 08:52:16-08:00,,,0.0,,,,,132,27,,
2020-02-12 08:52:18-08:00,,,0.0,,,,,133,27,,
2020-02-12 08:52:19-08:00,,,0.0,,,,,131,27,,
2020-02-12 08:52:20-08:00,,,0.0,,,,,132,27,,
2020-02-12 08:52:22-08:00,,,0.0,,,,,131,27,,
2020-02-12 08:52:23-08:00,,,0.0,,,,,132,27,,
2020-02-12 08:52:25-08:00,,,0.0,,,,,131,27,,
2020-02-12 08:52:26-08:00,,,0.0,,,,,133,27,,
2020-02-12 08:52:27-08:00,,,0.0,,,,,131,27,,
2020-02-12 08:52:31-08:00,,,0.0,,,,,130,27,,
2020-02-12 08:52:32-08:00,,,0.0,,,,,128,27,,
2020-02-12 08:52:33-08:00,,,0.0,,,,,130,27,,
2020-02-12 08:52:34-08:00,,,0.0,,,,,129,27,,
2020-02-12 08:52:40-08:00,,,0.0,,,,,130,27,,
2020-02-12 08:52:41-08:00,,,0.0,,,,,129,27,,
2020-02-12 08:52:42-08:00,,,0.0,,,,,131,27,,
2020-02-12 08:52:44-08:00,,,0.0,,,,,132,27,,
2020-02-12 08:52:45-08:00,,,0.0,,,,,133,27,,
2020-02-12 08:52:46-08:00,,,0.0,,,,,132,27,,
2020-02-12 08:52:49-08:00,,,0.0,,,,,131,27,,
2020-02-12 08:52:50-08:00,,,0.0,,,,,132,27,,
2020-02-12 08:52:52-08:00,,,0.0,,,,,131,27,,
2020-02-12 08:52:56-08:00,,,0.0,,,,,132,27,,
2020-02-12 08:52:57-08:00,,,0.0,,,,,131,27,,
2020-02-12 08:52:59-08:00,,,0.0,,,,,130,27,,
2020-02-12 08:53:00-08:00,,,0.0,,,,,131,27,,
2020-02-12 08:53:01-08:00,,,0.0,,,,,128,27,,
2020-02-12 08:53:03-08:00,,,0.0,,,,,130,27,,
2020-02-12 08:53:05-08:00,,,0.0,,,,,129,27,,
2020-02-12 08:53:07-08:00,,,0.0,,,,,130,27,,
2020-02-12 08:53:10-08:00,,,0.0,,,,,131,27,,
2020-02-12 08:53:11-08:00,,,0.0,,,,,130,27,,
2020-02-12 08:53:13-08:00,,,0.0,,,,,131,27,,
2020-02-12 08:53:14-08:00,,,0.0,,,,,130,27,,
2020-02-12 08:53:15-08:00,,,0.0,,,,,128,27,,
2020-02-12 08:53:16-08:00,,,0.0,,,,,130,27,,
2020-02-12 08:53:17-08:00,,,0.0,,,,,129,27,,
2020-02-12 08:53:19-08:00,,,0.0,,,,,128,27,,
2020-02-12 08:53:22-08:00,,,0.0,,,,,127,27,,
2020-02-12 08:53:24-08:00,,,0.0,,,,,128,27,,
2020-02-12 08:53:26-08:00,,,0.0,,,,,129,27,,
2020-02-12 08:53:27-08:00,,,0.0,,,,,131,27,,
2020-02-12 08:53:28-08:00,,,0.0,,,,,132,27,,
2020-02-12 08:53:30-08:00,,,0.0,,,,,134,27,,
2020-02-12 08:53:31-08:00,,,0.0,,,,,136,27,,
2020-02-12 08:53:32-08:00,,,0.0,,,,,138,27,,
2020-02-12 08:53:35-08:00,,,0.0,,,,,139,27,,
2020-02-12 08:53:37-08:00,,,0.0,,,,,138,27,,
2020-02-12 08:53:39-08:00,,,0.0,,,,,137,27,,
2020-02-12 08:53:45-08:00,,,0.0,,,,,138,27,,
2020-02-12 08:53:51-08:00,,,0.0,,,,,139,27,,
2020-02-12 08:53:52-08:00,,,0.0,,,,,140,27,,
2020-02-12 08:53:55-08:00,,,0.0,,,,,139,27,,
2020-02-12 08:53:56-08:00,,,0.0,,,,,136,27,,
2020-02-12 08:53:57-08:00,,,0.0,,,,,138,27,,
2020-02-12 08:53:58-08:00,,,0.0,,,,,137,27,,
2020-02-12 08:53:59-08:00,,,0.0,,,,,138,27,,
2020-02-12 08:54:03-08:00,,,0.0,,,,,137,27,,
2020-02-12 08:54:09-08:00,,,0.0,,,,,138,27,,
2020-02-12 08:54:10-08:00,,,0.0,,,,,137,27,,
2020-02-12 08:54:14-08:00,,,0.0,,,,,136,27,,
2020-02-12 08:54:15-08:00,,,0.0,,,,,135,27,,
2020-02-12 08:54:18-08:00,,,0.0,,,,,133,27,,
2020-02-12 08:54:19-08:00,,,0.0,,,,,135,27,,
2020-02-12 08:54:22-08:00,,,0.0,,,,,136,27,,
2020-02-12 08:54:23-08:00,,,0.0,,,,,135,27,,
2020-02-12 08:54:24-08:00,,,0.0,,,,,134,27,,
2020-02-12 08:54:25-08:00,,,0.0,,,,,135,27,,
2020-02-12 08:54:26-08:00,,,0.0,,,,,133,27,,
2020-02-12 08:54:27-08:00,,,0.0,,,,,134,27,,
2020-02-12 08:54:28-08:00,,,0.0,,,,,131,27,,
2020-02-12 08:54:29-08:00,,,0.0,,,,,133,27,,
2020-02-12 08:54:33-08:00,,,0.0,,,,,132,27,,
2020-02-12 08:54:37-08:00,,,0.0,,,,,133,27,,
2020-02-12 08:54:38-08:00,,,0.0,,,,,135,27,,
2020-02-12 08:54:40-08:00,,,0.0,,,,,136,27,,
2020-02-12 08:54:41-08:00,,,0.0,,,,,138,27,,
2020-02-12 08:54:42-08:00,,,0.0,,,,,136,27,,
2020-02-12 08:54:43-08:00,,,0.0,,,,,135,27,,
2020-02-12 08:54:44-08:00,,,0.0,,,,,136,27,,
2020-02-12 08:54:46-08:00,,,0.0,,,,,138,27,,
2020-02-12 08:54:47-08:00,,,0.0,,,,,140,27,,
2020-02-12 08:54:48-08:00,,,0.0,,,,,139,27,,
2020-02-12 08:54:51-08:00,,,0.0,,,,,138,27,,
2020-02-12 08:54:55-08:00,,,0.0,,,,,137,27,,
2020-02-12 08:54:56-08:00,,,0.0,,,,,136,27,,
2020-02-12 08:55:04-08:00,,,0.0,,,,,135,27,,
2020-02-12 08:55:07-08:00,,,0.0,,,,,134,27,,
2020-02-12 08:55:08-08:00,,,0.0,,,,,135,27,,
2020-02-12 08:55:09-08:00,,,0.0,,,,,134,27,,
2020-02-12 08:55:10-08:00,,,0.0,,,,,133,27,,
2020-02-12 08:55:11-08:00,,,0.0,,,,,134,27,,
2020-02-12 08:55:12-08:00,,,0.0,,,,,133,27,,
2020-02-12 08:55:16-08:00,,,0.0,,,,,134,27,,
2020-02-12 08:55:17-08:00,,,0.0,,,,,132,27,,
2020-02-12 08:55:18-08:00,,,0.0,,,,,133,27,,
2020-02-12 08:55:19-08:00,,,0.0,,,,,134,27,,
2020-02-12 08:55:20-08:00,,,0.0,,,,,133,27,,
2020-02-12 08:55:22-08:00,,,0.0,,,,,132,27,,
2020-02-12 08:55:23-08:00,,,0.0,,,,,135,27,,
2020-02-12 08:55:24-08:00,,,0.0,,,,,134,27,,
2020-02-12 08:55:25-08:00,,,0.0,,,,,133,27,,
2020-02-12 08:55:26-08:00,,,0.0,,,,,132,27,,
2020-02-12 08:55:28-08:00,,,0.0,,,,,130,27,,
2020-02-12 08:55:29-08:00,,,0.0,,,,,132,27,,
2020-02-12 08:55:30-08:00,,,0.0,,,,,131,27,,
2020-02-12 08:55:31-08:00,,,0.0,,,,,133,27,,
2020-02-12 08:55:32-08:00,,,0.0,,,,,132,27,,
2020-02-12 08:55:34-08:00,,,0.0,,,,,133,27,,
2020-02-12 08:55:35-08:00,,,0.0,,,,,132,27,,
2020-02-12 08:55:37-08:00,,,0.0,,,,,133,27,,
2020-02-12 08:55:38-08:00,,,0.0,,,,,131,27,,
2020-02-12 08:55:41-08:00,,,0.0,,,,,132,27,,
2020-02-12 08:55:44-08:00,,,0.0,,,,,133,27,,
2020-02-12 08:55:45-08:00,,,0.0,,,,,132,27,,
2020-02-12 08:55:46-08:00,,,0.0,,,,,131,27,,
2020-02-12 08:55:47-08:00,,,0.0,,,,,132,27,,
2020-02-12 08:55:48-08:00,,,0.0,,,,,131,27,,
2020-02-12 08:55:49-08:00,,,0.0,,,,,130,27,,
2020-02-12 08:55:50-08:00,,,0.0,,,,,131,27,,
2020-02-12 08:55:51-08:00,,,0.0,,,,,132,27,,
2020-02-12 08:55:52-08:00,,,0.0,,,,,133,27,,
2020-02-12 08:55:53-08:00,,,0.0,,,,,134,27,,
2020-02-12 08:55:55-08:00,,,0.0,,,,,135,27,,
2020-02-12 08:55:56-08:00,,,0.0,,,,,137,27,,
2020-02-12 08:55:57-08:00,,,0.0,,,,,136,27,,
2020-02-12 08:55:58-08:00,,,0.0,,,,,138,27,,
2020-02-12 08:56:00-08:00,,,0.0,,,,,137,27,,
2020-02-12 08:56:01-08:00,,,0.0,,,,,136,27,,
2020-02-12 08:56:03-08:00,,,0.0,,,,,135,27,,
2020-02-12 08:56:05-08:00,,,0.0,,,,,136,27,,
2020-02-12 08:56:06-08:00,,,0.0,,,,,135,27,,
2020-02-12 08:56:07-08:00,,,0.0,,,,,134,27,,
2020-02-12 08:56:08-08:00,,,0.0,,,,,135,27,,
2020-02-12 08:56:09-08:00,,,0.0,,,,,136,27,,
2020-02-12 08:56:11-08:00,,,0.0,,,,,135,27,,
2020-02-12 08:56:12-08:00,,,0.0,,,,,134,27,,
2020-02-12 08:56:14-08:00,,,0.0,,,,,136,27,,
2020-02-12 08:56:15-08:00,,,0.0,,,,,133,27,,
2020-02-12 08:56:17-08:00,,,0.0,,,,,135,27,,
2020-02-12 08:56:18-08:00,,,0.0,,,,,134,27,,
2020-02-12 08:56:19-08:00,,,0.0,,,,,135,27,,
2020-02-12 08:56:21-08:00,,,0.0,,,,,134,27,,
2020-02-12 08:56:22-08:00,,,0.0,,,,,136,27,,
2020-02-12 08:56:23-08:00,,,0.0,,,,,134,27,,
2020-02-12 08:56:25-08:00,,,0.0,,,,,133,27,,
2020-02-12 08:56:27-08:00,,,0.0,,,,,131,27,,
2020-02-12 08:56:29-08:00,,,0.0,,,,,132,27,,
2020-02-12 08:56:30-08:00,,,0.0,,,,,130,27,,
2020-02-12 08:56:32-08:00,,,0.0,,,,,131,27,,
2020-02-12 08:56:33-08:00,,,0.0,,,,,133,27,,
2020-02-12 08:56:34-08:00,,,0.0,,,,,134,27,,
2020-02-12 08:56:35-08:00,,,0.0,,,,,137,27,,
2020-02-12 08:56:36-08:00,,,0.0,,,,,138,27,,
2020-02-12 08:56:37-08:00,,,0.0,,,,,139,27,,
2020-02-12 08:56:38-08:00,,,0.0,,,,,140,27,,
2020-02-12 08:56:41-08:00,,,0.0,,,,,141,27,,
2020-02-12 08:56:42-08:00,,,0.0,,,,,140,27,,
2020-02-12 08:56:43-08:00,,,0.0,,,,,138,27,,
2020-02-12 08:56:45-08:00,,,0.0,,,,,140,27,,
2020-02-12 08:56:46-08:00,,,0.0,,,,,141,27,,
2020-02-12 08:56:47-08:00,,,0.0,,,,,143,27,,
2020-02-12 08:56:50-08:00,,,0.0,,,,,145,27,,
2020-02-12 08:56:51-08:00,,,0.0,,,,,147,27,,
2020-02-12 08:56:55-08:00,,,0.0,,,,,146,27,,
2020-02-12 08:57:02-08:00,,,0.0,,,,,147,27,,
2020-02-12 08:57:05-08:00,,,0.0,,,,,148,27,,
2020-02-12 08:57:06-08:00,,,0.0,,,,,147,27,,
2020-02-12 08:57:07-08:00,,,0.0,,,,,148,27,,
2020-02-12 08:57:08-08:00,,,0.0,,,,,149,27,,
2020-02-12 08:57:09-08:00,,,0.0,,,,,150,27,,
2020-02-12 08:57:11-08:00,,,0.0,,,,,151,27,,
2020-02-12 08:57:12-08:00,,,0.0,,,,,150,27,,
2020-02-12 08:57:13-08:00,,,0.0,,,,,149,27,,
2020-02-12 08:57:15-08:00,,,0.0,,,,,147,27,,
2020-02-12 08:57:16-08:00,,,0.0,,,,,146,27,,
2020-02-12 08:57:17-08:00,,,0.0,,,,,147,27,,
2020-02-12 08:57:18-08:00,,,0.0,,,,,145,27,,
2020-02-12 08:57:19-08:00,,,0.0,,,,,146,27,,
2020-02-12 08:57:21-08:00,,,0.0,,,,,145,27,,
2020-02-12 08:57:24-08:00,,,0.0,,,,,142,27,,
2020-02-12 08:57:25-08:00,,,0.0,,,,,145,27,,
2020-02-12 08:57:26-08:00,,,0.0,,,,,143,27,,
2020-02-12 08:57:27-08:00,,,0.0,,,,,145,27,,
2020-02-12 08:57:28-08:00,,,0.0,,,,,144,27,,
2020-02-12 08:57:31-08:00,,,0.0,,,,,143,27,,
2020-02-12 08:57:33-08:00,,,0.0,,,,,142,27,,
2020-02-12 08:57:35-08:00,,,0.0,,,,,141,27,,
2020-02-12 08:57:39-08:00,,,0.0,,,,,142,27,,
2020-02-12 08:57:40-08:00,,,0.0,,,,,141,27,,
2020-02-12 08:57:41-08:00,,,0.0,,,,,143,27,,
2020-02-12 08:57:42-08:00,,,0.0,,,,,141,27,,
2020-02-12 08:57:43-08:00,,,0.0,,,,,139,27,,
2020-02-12 08:57:45-08:00,,,0.0,,,,,138,27,,
2020-02-12 08:57:46-08:00,,,0.0,,,,,140,27,,
2020-02-12 08:57:48-08:00,,,0.0,,,,,139,27,,
2020-02-12 08:57:49-08:00,,,0.0,,,,,140,27,,
2020-02-12 08:57:50-08:00,,,0.0,,,,,139,27,,
2020-02-12 08:57:51-08:00,,,0.0,,,,,140,27,,
2020-02-12 08:57:55-08:00,,,0.0,,,,,138,27,,
2020-02-12 08:57:58-08:00,,,0.0,,,,,137,27,,
2020-02-12 08:58:01-08:00,,,0.0,,,,,138,27,,
2020-02-12 08:58:02-08:00,,,0.0,,,,,137,27,,
2020-02-12 08:58:03-08:00,,,0.0,,,,,135,27,,
2020-02-12 08:58:05-08:00,,,0.0,,,,,136,27,,
2020-02-12 08:58:06-08:00,,,0.0,,,,,134,27,,
2020-02-12 08:58:08-08:00,,,0.0,,,,,135,27,,
2020-02-12 08:58:09-08:00,,,0.0,,,,,132,27,,
2020-02-12 08:58:10-08:00,,,0.0,,,,,133,27,,
2020-02-12 08:58:11-08:00,,,0.0,,,,,137,27,,
2020-02-12 08:58:12-08:00,,,0.0,,,,,138,27,,
2020-02-12 08:58:13-08:00,,,0.0,,,,,140,27,,
2020-02-12 08:58:14-08:00,,,0.0,,,,,141,27,,
2020-02-12 08:58:15-08:00,,,0.0,,,,,140,27,,
2020-02-12 08:58:17-08:00,,,0.0,,,,,144,27,,
2020-02-12 08:58:20-08:00,,,0.0,,,,,145,27,,
2020-02-12 08:58:23-08:00,,,0.0,,,,,143,27,,
2020-02-12 08:58:24-08:00,,,0.0,,,,,141,27,,
2020-02-12 08:58:25-08:00,,,0.0,,,,,139,27,,
2020-02-12 08:58:29-08:00,,,0.0,,,,,138,27,,
2020-02-12 08:58:30-08:00,,,0.0,,,,,139,27,,
2020-02-12 08:58:32-08:00,,,0.0,,,,,137,27,,
2020-02-12 08:58:33-08:00,,,0.0,,,,,138,27,,
2020-02-12 08:58:34-08:00,,,0.0,,,,,137,27,,
2020-02-12 08:58:35-08:00,,,0.0,,,,,138,27,,
2020-02-12 08:58:36-08:00,,,0.0,,,,,137,27,,
2020-02-12 08:58:39-08:00,,,0.0,,,,,138,27,,
2020-02-12 08:58:40-08:00,,,0.0,,,,,137,27,,
2020-02-12 08:58:42-08:00,,,0.0,,,,,136,27,,
2020-02-12 08:58:43-08:00,,,0.0,,,,,134,27,,
2020-02-12 08:58:44-08:00,,,0.0,,,,,136,27,,
2020-02-12 08:58:47-08:00,,,0.0,,,,,138,27,,
2020-02-12 08:58:48-08:00,,,0.0,,,,,136,27,,
2020-02-12 08:58:51-08:00,,,0.0,,,,,135,27,,
2020-02-12 08:58:53-08:00,,,0.0,,,,,134,27,,
2020-02-12 08:58:54-08:00,,,0.0,,,,,133,27,,
2020-02-12 08:58:55-08:00,,,0.0,,,,,135,27,,
2020-02-12 08:58:56-08:00,,,0.0,,,,,133,27,,
2020-02-12 08:58:59-08:00,,,0.0,,,,,132,27,,
2020-02-12 08:59:00-08:00,,,0.0,,,,,134,27,,
2020-02-12 08:59:01-08:00,,,0.0,,,,,133,27,,
2020-02-12 08:59:02-08:00,,,0.0,,,,,134,27,,
2020-02-12 08:59:04-08:00,,,0.0,,,,,133,27,,
2020-02-12 08:59:05-08:00,,,0.0,,,,,132,27,,
2020-02-12 08:59:06-08:00,,,0.0,,,,,131,27,,
2020-02-12 08:59:07-08:00,,,0.0,,,,,132,27,,
2020-02-12 08:59:10-08:00,,,0.0,,,,,134,27,,
2020-02-12 08:59:11-08:00,,,0.0,,,,,132,27,,
2020-02-12 08:59:12-08:00,,,0.0,,,,,131,27,,
2020-02-12 08:59:13-08:00,,,0.0,,,,,130,27,,
2020-02-12 08:59:14-08:00,,,0.0,,,,,131,27,,
2020-02-12 08:59:15-08:00,,,0.0,,,,,133,27,,
2020-02-12 08:59:16-08:00,,,0.0,,,,,131,27,,
2020-02-12 08:59:17-08:00,,,0.0,,,,,130,27,,
2020-02-12 08:59:20-08:00,,,0.0,,,,,128,27,,
2020-02-12 08:59:21-08:00,,,0.0,,,,,130,27,,
2020-02-12 08:59:22-08:00,,,0.0,,,,,132,27,,
2020-02-12 08:59:23-08:00,,,0.0,,,,,135,27,,
2020-02-12 08:59:24-08:00,,,0.0,,,,,133,27,,
2020-02-12 08:59:25-08:00,,,0.0,,,,,134,27,,
2020-02-12 08:59:26-08:00,,,0.0,,,,,136,27,,
2020-02-12 08:59:28-08:00,,,0.0,,,,,138,27,,
2020-02-12 08:59:29-08:00,,,0.0,,,,,139,27,,
2020-02-12 08:59:31-08:00,,,0.0,,,,,138,27,,
2020-02-12 08:59:33-08:00,,,0.0,,,,,139,27,,
2020-02-12 08:59:34-08:00,,,0.0,,,,,140,27,,
2020-02-12 08:59:35-08:00,,,0.0,,,,,141,27,,
2020-02-12 08:59:36-08:00,,,0.0,,,,,140,27,,
2020-02-12 08:59:37-08:00,,,0.0,,,,,142,27,,
2020-02-12 08:59:38-08:00,,,0.0,,,,,141,27,,
2020-02-12 08:59:41-08:00,,,0.0,,,,,139,27,,
2020-02-12 08:59:42-08:00,,,0.0,,,,,140,27,,
2020-02-12 08:59:43-08:00,,,0.0,,,,,143,27,,
2020-02-12 08:59:44-08:00,,,0.0,,,,,141,27,,
2020-02-12 08:59:45-08:00,,,0.0,,,,,143,27,,
2020-02-12 08:59:49-08:00,,,0.0,,,,,142,27,,
2020-02-12 08:59:50-08:00,,,0.0,,,,,141,27,,
2020-02-12 08:59:52-08:00,,,0.0,,,,,142,27,,
2020-02-12 08:59:59-08:00,,,0.0,,,,,140,27,,
2020-02-12 09:00:00-08:00,,,0.0,,,,,139,27,,
2020-02-12 09:00:02-08:00,,,0.0,,,,,138,27,,
2020-02-12 09:00:05-08:00,,,0.0,,,,,136,27,,
2020-02-12 09:00:08-08:00,,,0.0,,,,,137,27,,
2020-02-12 09:00:09-08:00,,,0.0,,,,,136,27,,
2020-02-12 09:00:10-08:00,,,0.0,,,,,137,27,,
2020-02-12 09:00:11-08:00,,,0.0,,,,,136,27,,
2020-02-12 09:00:14-08:00,,,0.0,,,,,135,27,,
2020-02-12 09:00:15-08:00,,,0.0,,,,,137,27,,
2020-02-12 09:00:16-08:00,,,0.0,,,,,135,27,,
2020-02-12 09:00:18-08:00,,,0.0,,,,,136,27,,
2020-02-12 09:00:19-08:00,,,0.0,,,,,134,27,,
2020-02-12 09:00:21-08:00,,,0.0,,,,,135,27,,
2020-02-12 09:00:22-08:00,,,0.0,,,,,134,27,,
2020-02-12 09:00:28-08:00,,,0.0,,,,,133,27,,
2020-02-12 09:00:29-08:00,,,0.0,,,,,132,27,,
2020-02-12 09:00:30-08:00,,,0.0,,,,,135,27,,
2020-02-12 09:00:31-08:00,,,0.0,,,,,138,27,,
2020-02-12 09:00:32-08:00,,,0.0,,,,,136,27,,
2020-02-12 09:00:33-08:00,,,0.0,,,,,137,27,,
2020-02-12 09:00:34-08:00,,,0.0,,,,,138,27,,
2020-02-12 09:00:35-08:00,,,0.0,,,,,137,27,,
2020-02-12 09:00:37-08:00,,,0.0,,,,,138,27,,
2020-02-12 09:00:40-08:00,,,0.0,,,,,137,27,,
2020-02-12 09:00:41-08:00,,,0.0,,,,,139,27,,
2020-02-12 09:00:42-08:00,,,0.0,,,,,137,27,,
2020-02-12 09:00:44-08:00,,,0.0,,,,,135,27,,
2020-02-12 09:00:46-08:00,,,0.0,,,,,137,27,,
2020-02-12 09:00:47-08:00,,,0.0,,,,,138,27,,
2020-02-12 09:00:48-08:00,,,0.0,,,,,137,27,,
2020-02-12 09:00:49-08:00,,,0.0,,,,,136,27,,
2020-02-12 09:00:51-08:00,,,0.0,,,,,135,27,,
2020-02-12 09:00:54-08:00,,,0.0,,,,,134,27,,
2020-02-12 09:00:55-08:00,,,0.0,,,,,133,27,,
2020-02-12 09:00:57-08:00,,,0.0,,,,,134,27,,
2020-02-12 09:00:58-08:00,,,0.0,,,,,133,27,,
2020-02-12 09:01:00-08:00,,,0.0,,,,,134,27,,
2020-02-12 09:01:01-08:00,,,0.0,,,,,131,27,,
2020-02-12 09:01:02-08:00,,,0.0,,,,,133,27,,
2020-02-12 09:01:03-08:00,,,0.0,,,,,132,27,,
2020-02-12 09:01:04-08:00,,,0.0,,,,,131,27,,
2020-02-12 09:01:05-08:00,,,0.0,,,,,129,27,,
2020-02-12 09:01:08-08:00,,,0.0,,,,,128,27,,
2020-02-12 09:01:10-08:00,,,0.0,,,,,129,27,,
2020-02-12 09:01:11-08:00,,,0.0,,,,,126,27,,
2020-02-12 09:01:12-08:00,,,0.0,,,,,128,27,,
2020-02-12 09:01:13-08:00,,,0.0,,,,,127,27,,
2020-02-12 09:01:14-08:00,,,0.0,,,,,128,27,,
2020-02-12 09:01:15-08:00,,,0.0,,,,,129,27,,
2020-02-12 09:01:16-08:00,,,0.0,,,,,127,27,,
2020-02-12 09:01:19-08:00,,,0.0,,,,,126,27,,
2020-02-12 09:01:20-08:00,,,0.0,,,,,125,27,,
2020-02-12 09:01:21-08:00,,,0.0,,,,,124,27,,
2020-02-12 09:01:22-08:00,,,0.0,,,,,125,27,,
2020-02-12 09:01:24-08:00,,,0.0,,,,,124,27,,
2020-02-12 09:01:25-08:00,,,0.0,,,,,123,27,,
2020-02-12 09:01:26-08:00,,,0.0,,,,,124,27,,
2020-02-12 09:01:27-08:00,,,0.0,,,,,126,27,,
2020-02-12 09:01:28-08:00,,,0.0,,,,,125,27,,
2020-02-12 09:01:30-08:00,,,0.0,,,,,124,27,,
2020-02-12 09:01:31-08:00,,,0.0,,,,,123,27,,
2020-02-12 09:01:32-08:00,,,0.0,,,,,124,27,,
2020-02-12 09:01:34-08:00,,,0.0,,,,,125,27,,
2020-02-12 09:01:35-08:00,,,0.0,,,,,124,27,,
2020-02-12 09:01:36-08:00,,,0.0,,,,,125,27,,
2020-02-12 09:01:37-08:00,,,0.0,,,,,124,27,,
2020-02-12 09:01:38-08:00,,,0.0,,,,,123,27,,
2020-02-12 09:01:39-08:00,,,0.0,,,,,125,27,,
2020-02-12 09:01:40-08:00,,,0.0,,,,,124,27,,
2020-02-12 09:01:41-08:00,,,0.0,,,,,125,27,,
2020-02-12 09:01:42-08:00,,,0.0,,,,,128,27,,
2020-02-12 09:01:43-08:00,,,0.0,,,,,134,27,,
2020-02-12 09:01:44-08:00,,,0.0,,,,,136,27,,
2020-02-12 09:01:45-08:00,,,0.0,,,,,138,27,,
2020-02-12 09:01:47-08:00,,,0.0,,,,,137,27,,
2020-02-12 09:01:48-08:00,,,0.0,,,,,136,27,,
2020-02-12 09:01:50-08:00,,,0.0,,,,,135,27,,
2020-02-12 09:01:51-08:00,,,0.0,,,,,134,27,,
2020-02-12 09:01:53-08:00,,,0.0,,,,,133,27,,
2020-02-12 09:01:54-08:00,,,0.0,,,,,132,27,,
2020-02-12 09:01:58-08:00,,,0.0,,,,,131,27,,
2020-02-12 09:02:01-08:00,,,0.0,,,,,130,27,,
2020-02-12 09:02:04-08:00,,,0.0,,,,,129,27,,
2020-02-12 09:02:07-08:00,,,0.0,,,,,128,27,,
2020-02-12 09:02:13-08:00,,,0.0,,,,,127,27,,
2020-02-12 09:02:26-08:00,,,0.0,,,,,128,27,,
2020-02-12 09:02:28-08:00,,,0.0,,,,,127,27,,
2020-02-12 09:02:32-08:00,,,0.0,,,,,126,27,,
2020-02-12 09:02:34-08:00,,,0.0,,,,,125,27,,
2020-02-12 09:02:36-08:00,,,0.0,,,,,124,27,,
2020-02-12 09:02:37-08:00,,,0.0,,,,,123,27,,
2020-02-12 09:02:38-08:00,,,0.0,,,,,122,27,,
2020-02-12 09:02:39-08:00,,,0.0,,,,,121,27,,
2020-02-12 09:02:40-08:00,,,0.0,,,,,120,27,,
2020-02-12 09:02:50-08:00,,,0.0,,,,,119,27,,
2020-02-12 09:02:54-08:00,,,0.0,,,,,118,27,,
2020-02-12 09:02:58-08:00,,,0.0,,,,,117,27,,
2020-02-12 09:03:01-08:00,,,0.0,,,,,116,27,,
2020-02-12 09:03:11-08:00,,,0.0,,,,,115,27,,
2020-02-12 09:03:18-08:00,,,0.0,,,,,114,27,,
2020-02-12 09:03:19-08:00,,,0.0,,,,,115,27,,
2020-02-12 09:03:21-08:00,,,0.0,,,,,116,27,,
2020-02-12 09:03:23-08:00,,,0.0,,,,,117,27,,
2020-02-12 09:03:38-08:00,,,0.0,,,,,116,27,,
2020-02-12 09:03:39-08:00,,,0.0,,,,,115,27,,
2020-02-12 09:03:40-08:00,,,0.0,,,,,114,27,,
2020-02-12 09:03:41-08:00,,,0.0,,,,,113,27,,
2020-02-12 09:03:45-08:00,,,0.0,,,,,114,27,,
2020-02-12 09:03:47-08:00,,,0.0,,,,,115,27,,
2020-02-12 09:03:50-08:00,,,0.0,,,,,116,27,,
2020-02-12 09:03:51-08:00,,,0.0,,,,,115,27,,
2020-02-12 09:03:58-08:00,,,0.0,,,,,117,27,,
2020-02-12 09:03:59-08:00,,,0.0,,,,,115,27,,
2020-02-12 09:04:00-08:00,,,0.0,,,,,114,27,,
2020-02-12 09:04:01-08:00,,,0.0,,,,,116,27,,
2020-02-12 09:04:03-08:00,,,0.0,,,,,115,27,,
2020-02-12 09:04:04-08:00,,,0.0,,,,,117,27,,
2020-02-12 09:04:05-08:00,,,0.0,,,,,118,27,,
2020-02-12 09:04:06-08:00,,,0.0,,,,,120,27,,
2020-02-12 09:04:08-08:00,,,0.0,,,,,122,27,,
2020-02-12 09:04:09-08:00,,,0.0,,,,,123,27,,
2020-02-12 09:04:10-08:00,,,0.0,,,,,124,27,,
2020-02-12 09:04:11-08:00,,,0.0,,,,,122,27,,
2020-02-12 09:04:12-08:00,,,0.0,,,,,121,27,,
2020-02-12 09:04:13-08:00,,,0.0,,,,,120,27,,
2020-02-12 09:04:16-08:00,,,0.0,,,,,119,27,,
2020-02-12 09:04:21-08:00,,,0.0,,,,,118,27,,
2020-02-12 09:04:23-08:00,,,0.0,,,,,117,27,,
2020-02-12 09:04:24-08:00,,,0.0,,,,,116,27,,
2020-02-12 09:04:25-08:00,,,0.0,,,,,115,27,,
2020-02-12 09:04:33-08:00,,,0.0,,,,,116,27,,
2020-02-12 09:04:35-08:00,,,0.0,,,,,115,27,,
2020-02-12 09:04:38-08:00,,,0.0,,,,,114,27,,
2020-02-12 09:04:40-08:00,,,0.0,,,,,113,27,,
2020-02-12 09:04:52-08:00,,,0.0,,,,,114,27,,
2020-02-12 09:05:05-08:00,,,0.0,,,,,115,27,,
2020-02-12 09:05:08-08:00,,,0.0,,,,,114,27,,
2020-02-12 09:05:11-08:00,,,0.0,,,,,113,27,,
2020-02-12 09:05:12-08:00,,,0.0,,,,,114,27,,
2020-02-12 09:05:15-08:00,,,0.0,,,,,115,27,,
2020-02-12 09:05:18-08:00,,,0.0,,,,,116,27,,
2020-02-12 09:05:21-08:00,,,0.0,,,,,115,27,,
2020-02-12 09:05:28-08:00,,,0.0,,,,,116,27,,
2020-02-12 09:05:32-08:00,,,0.0,,,,,115,27,,
2020-02-12 09:05:40-08:00,,,0.0,,,,,116,27,,
2020-02-12 09:05:42-08:00,,,0.0,,,,,117,27,,
2020-02-12 09:05:43-08:00,,,0.0,,,,,116,27,,
2020-02-12 09:05:45-08:00,,,0.0,,,,,115,27,,
2020-02-12 09:05:46-08:00,,,0.0,,,,,114,27,,
2020-02-12 09:05:49-08:00,,,0.0,,,,,113,27,,
2020-02-12 09:05:57-08:00,,,0.0,,,,,112,27,,
2020-02-12 09:06:04-08:00,,,0.0,,,,,113,27,,
2020-02-12 09:06:06-08:00,,,0.0,,,,,114,27,,
2020-02-12 09:06:14-08:00,,,0.0,,,,,113,27,,
2020-02-12 09:06:16-08:00,,,0.0,,,,,112,27,,
2020-02-12 09:06:21-08:00,,,0.0,,,,,113,27,,
2020-02-12 09:06:23-08:00,,,0.0,,,,,114,27,,
2020-02-12 09:06:26-08:00,,,0.0,,,,,115,27,,
2020-02-12 09:06:28-08:00,,,0.0,,,,,116,27,,
2020-02-12 09:06:31-08:00,,,0.0,,,,,117,27,,
2020-02-12 09:06:47-08:00,,,0.0,,,,,116,27,,
2020-02-12 09:06:50-08:00,,,0.0,,,,,114,27,,
2020-02-12 09:06:52-08:00,,,0.0,,,,,113,27,,
2020-02-12 09:06:54-08:00,,,0.0,,,,,112,27,,
2020-02-12 09:06:55-08:00,,,0.0,,,,,111,27,,
2020-02-12 09:07:03-08:00,,,0.0,,,,,112,27,,
2020-02-12 09:07:05-08:00,,,0.0,,,,,113,27,,
2020-02-12 09:07:07-08:00,,,0.0,,,,,114,27,,
2020-02-12 09:07:21-08:00,,,0.0,,,,,115,27,,
2020-02-12 09:07:22-08:00,,,0.0,,,,,114,27,,
2020-02-12 09:07:23-08:00,,,0.0,,,,,112,27,,
2020-02-12 09:07:25-08:00,,,0.0,,,,,113,27,,
2020-02-12 09:07:26-08:00,,,0.0,,,,,114,27,,
2020-02-12 09:07:30-08:00,,,0.0,,,,,113,27,,
2020-02-12 09:07:35-08:00,,,0.0,,,,,112,27,,
2020-02-12 09:07:41-08:00,,,0.0,,,,,113,27,,
2020-02-12 09:07:42-08:00,,,0.0,,,,,114,27,,
2020-02-12 09:07:43-08:00,,,0.0,,,,,115,27,,
2020-02-12 09:07:45-08:00,,,0.0,,,,,116,27,,
2020-02-12 09:07:46-08:00,,,0.0,,,,,117,27,,
2020-02-12 09:07:49-08:00,,,0.0,,,,,118,27,,
2020-02-12 09:07:51-08:00,,,0.0,,,,,119,27,,
2020-02-12 09:07:56-08:00,,,0.0,,,,,118,27,,
2020-02-12 09:07:59-08:00,,,0.0,,,,,117,27,,
2020-02-12 09:08:00-08:00,,,0.0,,,,,115,27,,
2020-02-12 09:08:01-08:00,,,0.0,,,,,114,27,,
2020-02-12 09:08:03-08:00,,,0.0,,,,,113,27,,
2020-02-12 09:08:08-08:00,,,0.0,,,,,112,27,,
2020-02-12 09:08:11-08:00,,,0.0,,,,,111,27,,
2020-02-12 09:08:15-08:00,,,0.0,,,,,112,27,,
2020-02-12 09:08:17-08:00,,,0.0,,,,,113,27,,
2020-02-12 09:08:18-08:00,,,0.0,,,,,114,27,,
2020-02-12 09:08:19-08:00,,,0.0,,,,,115,27,,
2020-02-12 09:08:24-08:00,,,0.0,,,,,114,27,,
2020-02-12 09:08:26-08:00,,,0.0,,,,,113,27,,
2020-02-12 09:08:28-08:00,,,0.0,,,,,112,27,,
2020-02-12 09:08:34-08:00,,,0.0,,,,,111,27,,
2020-02-12 09:08:36-08:00,,,0.0,,,,,110,27,,
2020-02-12 09:08:38-08:00,,,0.0,,,,,109,27,,
2020-02-12 09:08:39-08:00,,,0.0,,,,,108,27,,
2020-02-12 09:08:42-08:00,,,0.0,,,,,107,27,,
2020-02-12 09:08:45-08:00,,,0.0,,,,,108,27,,
2020-02-12 09:08:48-08:00,,,0.0,,,,,109,27,,
2020-02-12 09:08:50-08:00,,,0.0,,,,,110,27,,
2020-02-12 09:08:51-08:00,,,0.0,,,,,111,27,,
2020-02-12 09:08:55-08:00,,,0.0,,,,,110,27,,
2020-02-12 09:08:57-08:00,,,0.0,,,,,109,27,,
2020-02-12 09:08:58-08:00,,,0.0,,,,,108,27,,
2020-02-12 09:09:00-08:00,,,0.0,,,,,107,27,,
2020-02-12 09:09:01-08:00,,,0.0,,,,,108,27,,
2020-02-12 09:09:08-08:00,,,0.0,,,,,109,27,,
2020-02-12 09:09:12-08:00,,,0.0,,,,,110,27,,
2020-02-12 09:09:26-08:00,,,0.0,,,,,107,27,,
2020-02-12 09:09:27-08:00,,,0.0,,,,,106,27,,
2020-02-12 09:09:28-08:00,,,0.0,,,,,105,27,,
2020-02-12 09:09:29-08:00,,,0.0,,,,,107,27,,
2020-02-12 09:09:31-08:00,,,0.0,,,,,106,27,,
2020-02-12 09:09:33-08:00,,,0.0,,,,,107,27,,
2020-02-12 09:09:35-08:00,,,0.0,,,,,108,27,,
2020-02-12 09:09:37-08:00,,,0.0,,,,,109,27,,
2020-02-12 09:09:43-08:00,,,0.0,,,,,108,27,,
2020-02-12 09:09:44-08:00,,,0.0,,,,,109,27,,
2020-02-12 09:09:45-08:00,,,0.0,,,,,108,27,,
2020-02-12 09:09:46-08:00,,,0.0,,,,,109,27,,
2020-02-12 09:09:49-08:00,,,0.0,,,,,110,27,,
2020-02-12 09:09:50-08:00,,,0.0,,,,,111,27,,
2020-02-12 09:09:53-08:00,,,0.0,,,,,112,27,,
2020-02-12 09:09:58-08:00,,,0.0,,,,,111,27,,
2020-02-12 09:09:59-08:00,,,0.0,,,,,108,27,,
2020-02-12 09:10:00-08:00,,,0.0,,,,,107,27,,
2020-02-12 09:10:01-08:00,,,0.0,,,,,106,27,,
2020-02-12 09:10:03-08:00,,,0.0,,,,,107,27,,
2020-02-12 09:10:04-08:00,,,0.0,,,,,108,27,,
2020-02-12 09:10:06-08:00,,,0.0,,,,,109,27,,
2020-02-12 09:10:08-08:00,,,0.0,,,,,110,27,,
2020-02-12 09:10:09-08:00,,,0.0,,,,,111,27,,
2020-02-12 09:10:10-08:00,,,0.0,,,,,112,27,,
2020-02-12 09:10:12-08:00,,,0.0,,,,,113,27,,
2020-02-12 09:10:14-08:00,,,0.0,,,,,114,27,,
2020-02-12 09:10:15-08:00,,,0.0,,,,,113,27,,
2020-02-12 09:10:17-08:00,,,0.0,,,,,112,27,,
2020-02-12 09:10:18-08:00,,,0.0,,,,,111,27,,
2020-02-12 09:10:20-08:00,,,0.0,,,,,110,27,,
2020-02-12 09:10:23-08:00,,,0.0,,,,,111,27,,
2020-02-12 09:10:24-08:00,,,0.0,,,,,112,27,,
2020-02-12 09:10:25-08:00,,,0.0,,,,,113,27,,
2020-02-12 09:10:27-08:00,,,0.0,,,,,114,27,,
2020-02-12 09:10:32-08:00,,,0.0,,,,,115,27,,
2020-02-12 09:10:33-08:00,,,0.0,,,,,114,27,,
2020-02-12 09:10:34-08:00,,,0.0,,,,,115,27,,
2020-02-12 09:10:36-08:00,,,0.0,,,,,116,27,,
2020-02-12 09:10:39-08:00,,,0.0,,,,,117,27,,
2020-02-12 09:10:40-08:00,,,0.0,,,,,115,27,,
2020-02-12 09:10:42-08:00,,,0.0,,,,,116,27,,
2020-02-12 09:10:45-08:00,,,0.0,,,,,115,27,,
2020-02-12 09:10:46-08:00,,,0.0,,,,,114,27,,
2020-02-12 09:10:48-08:00,,,0.0,,,,,112,27,,
2020-02-12 09:10:49-08:00,,,0.0,,,,,111,27,,
2020-02-12 09:10:50-08:00,,,0.0,,,,,113,27,,
2020-02-12 09:10:51-08:00,,,0.0,,,,,111,27,,
2020-02-12 09:10:54-08:00,,,0.0,,,,,110,27,,
2020-02-12 09:10:56-08:00,,,0.0,,,,,109,27,,
2020-02-12 09:10:58-08:00,,,0.0,,,,,110,27,,
2020-02-12 09:11:10-08:00,,,0.0,,,,,109,27,,
2020-02-12 09:11:12-08:00,,,0.0,,,,,108,27,,
2020-02-12 09:11:15-08:00,,,0.0,,,,,107,27,,
2020-02-12 09:11:21-08:00,,,0.0,,,,,108,27,,
2020-02-12 09:11:24-08:00,,,0.0,,,,,109,27,,
2020-02-12 09:11:27-08:00,,,0.0,,,,,108,27,,
2020-02-12 09:11:30-08:00,,,0.0,,,,,107,27,,
2020-02-12 09:11:32-08:00,,,0.0,,,,,106,27,,
2020-02-12 09:11:37-08:00,,,0.0,,,,,105,27,,
2020-02-12 09:11:42-08:00,,,0.0,,,,,106,27,,
2020-02-12 09:11:46-08:00,,,0.0,,,,,107,27,,
2020-02-12 09:11:51-08:00,,,0.0,,,,,106,27,,
2020-02-12 09:12:02-08:00,,,0.0,,,,,108,27,,
2020-02-12 09:12:03-08:00,,,0.0,,,,,109,27,,
2020-02-12 09:12:04-08:00,,,0.0,,,,,111,27,,
2020-02-12 09:12:05-08:00,,,0.0,,,,,112,27,,
2020-02-12 09:12:07-08:00,,,0.0,,,,,111,27,,
2020-02-12 09:12:09-08:00,,,0.0,,,,,110,27,,
2020-02-12 09:12:14-08:00,,,0.0,,,,,109,27,,
2020-02-12 09:12:15-08:00,,,0.0,,,,,108,27,,
2020-02-12 09:12:16-08:00,,,0.0,,,,,107,27,,
2020-02-12 09:12:19-08:00,,,0.0,,,,,108,27,,
2020-02-12 09:12:24-08:00,,,0.0,,,,,107,27,,
2020-02-12 09:12:25-08:00,,,0.0,,,,,106,27,,
2020-02-12 09:12:29-08:00,,,0.0,,,,,107,27,,
2020-02-12 09:12:31-08:00,,,0.0,,,,,108,27,,
2020-02-12 09:12:34-08:00,,,0.0,,,,,107,27,,
2020-02-12 09:12:36-08:00,,,0.0,,,,,106,27,,
2020-02-12 09:12:39-08:00,,,0.0,,,,,107,27,,
2020-02-12 09:12:42-08:00,,,0.0,,,,,108,27,,
2020-02-12 09:12:57-08:00,,,0.0,,,,,107,27,,
2020-02-12 09:13:03-08:00,,,0.0,,,,,108,27,,
2020-02-12 09:13:03-08:00,,,,,,,,,,,
2020-02-12 09:13:03-08:00,,,,,,,,,,,
2020-02-12 09:13:03-08:00,,,,,,,,,,,
2020-02-12 09:13:03-08:00,,,,,,,,,,,
2020-02-12 09:13:03-08:00,,,,,,,,,,,
2020-02-12 09:13:09-08:00,,,,,,,,,,,
2020-02-12 09:13:08-08:00,,,,,,,,,,,
2020-02-12 09:13:08-08:00,,,,,,,,,,,
2020-02-12 09:13:09-08:00,,,,,,,,,,,
2020-02-12 09:13:09-08:00,,,,,,,,,,,
